5.723576039877537047e-02
1.634304882453316288e-02
1.850134867550647100e-02
6.617464382760776531e-02
7.494313656209450336e-03
2.427397261071476131e-02
3.468088873042821096e-02
1.570684913763663315e-02
4.699699802868509413e-03
7.115332377752497939e-03
6.686094236583783879e-03
1.444000910701727369e-02
5.828333356639556206e-03
5.821940283379678505e-03
2.800063934015620259e-03
4.171290834324534180e-03
3.918642035008496061e-03
7.751973345631393841e-03
4.002546394502926042e-03
4.086880040890333854e-03
1.360601761742546989e-03
2.962530150296696640e-03
1.796245959919923196e-03
1.010088457502208992e-03
1.483057410682164790e-03
2.270070712300967242e-03
1.818043529484142384e-03
3.033184306890340798e-03
1.257755654848341509e-03
2.587078900469594323e-03
1.003808321813084992e-03
2.367903141964333713e-03
1.022922015801189244e-03
1.425556100490193989e-03
1.607916080422031047e-03
1.801512615145745011e-03
1.048407126554004587e-03
9.770135048969841307e-04
1.119430689708572624e-03
6.172133136898433348e-04
9.967977296912733376e-04
1.059358467558030314e-03
8.828227368932878294e-04
9.026791330024874771e-04
1.052788431841103489e-03
7.148934278288776589e-04
7.612178260951313336e-04
5.906572678176930102e-04
6.116224569768236030e-04
8.026073223485058472e-04
4.661552754726544512e-04
6.809014538407126560e-04
3.689490602449829737e-04
6.641668565071923158e-04
6.264050435053486465e-04
1.421079168986608132e-03
1.433831607659807883e-03
9.561721517268029213e-04
1.218363397436472706e-03
1.913500943526047493e-03
6.923787408310289049e-04
1.996849533206696004e-03
1.454247680492071204e-03
1.094135048294059276e-03
1.139252101197363309e-03
2.064722856188444533e-03
1.066454479297027080e-03
6.507570844868776350e-04
1.060650883010161305e-03
2.255315494624168804e-03
8.220645948689847549e-04
5.375358356518034064e-04
4.089219501281771141e-04
5.932175672177658621e-04
6.664126392917357755e-04
6.729831834871580210e-04
3.276084311343435695e-04
4.205219184564151780e-04
1.296868313938354111e-03
5.628887746517291513e-04
5.568630027832643936e-04
5.984576423682108626e-04
5.918083205188606755e-04
5.301762188132663756e-04
1.031844502689477361e-03
7.470012935264780385e-04
8.414066348274851226e-04
7.502137332056485475e-04
5.473859789337925941e-04
9.523661962248797241e-04
8.328685972449623165e-04
2.720453108143033871e-04
4.672214560693110919e-04
1.006131293184400755e-03
6.877325504656695010e-04
1.061081999917376506e-03
6.408262429915823066e-04
1.063706363006428068e-03
1.418982395613221925e-03
8.694413965450453752e-04
3.835428204627955306e-04
3.522854368019218141e-04
9.124207231663572504e-04
4.571814225901305040e-04
9.741439132072149398e-04
2.811439110226993110e-04
8.856655303243199384e-04
3.217000102563177810e-04
1.200211562435854473e-03
3.284444308203349205e-04
5.449588529462257025e-04
8.270106120810694073e-04
7.710558146791918199e-04
6.296113911572337463e-04
7.433320975198803859e-04
1.024303069940557531e-03
4.835211649123483113e-04
4.819851801589891682e-04
5.117914123923400505e-04
3.155287419670249616e-04
4.423008591385724220e-04
4.820466043055915417e-04
1.061949810754289625e-03
6.904194931776908017e-04
2.160028718516948665e-04
3.821502770293694340e-04
3.924760463082932471e-04
8.491328366482114864e-04
6.862107332132882931e-04
5.247141992409248834e-04
6.604221464537457509e-04
4.142879932177295776e-04
8.350364164056017779e-04
4.603022877484180819e-04
3.149594139540551341e-04
4.346810667439637843e-04
4.196684132814210155e-04
1.415800742954165248e-03
4.656906105405811402e-04
6.147878324427036301e-04
5.235319203776844788e-04
1.552960126421643050e-03
4.935788203659641216e-04
8.207919095750415561e-04
9.536039540130325509e-04
3.261154375964470109e-04
8.614014589747587269e-04
5.090423012953371185e-04
7.542188474095740114e-04
7.002971587948547683e-04
5.892524508818858253e-04
1.014179473434823064e-03
1.386359021702143757e-03
7.242923943284601540e-04
2.185636350445913090e-04
1.289733125124314927e-03
8.344024246258879840e-04
5.955056314208978518e-04
5.982846702628497049e-04
9.143167687566261526e-04
7.241513460123777390e-04
9.566400340270675429e-04
6.225583868642997620e-04
1.338922838396441883e-03
1.723360205598017947e-03
6.907710887094214991e-04
6.253429655660724951e-04
4.968390512269382775e-04
4.937439500098395051e-04
4.061815903585314080e-04
5.208859325549208830e-04
3.113915864235705655e-04
6.890694866783370065e-04
5.106246822465937418e-04
1.420304204007710736e-04
2.040574539655115593e-04
9.571581800843775856e-04
4.323715625504653826e-04
5.995087671959442588e-04
4.615255592166911391e-04
4.715817714689984896e-04
3.948208182136259126e-04
3.515788714132661585e-04
1.217737162312340637e-03
4.366602658519708191e-04
5.354973578990673833e-04
5.769770995274620118e-04
5.067357538024730435e-04
3.253488511371360747e-04
5.430417202253318143e-04
4.642503115071111575e-04
3.015547523150530207e-04
8.100491247541863338e-04
7.741050128044074663e-04
5.371213144310382770e-04
5.048281951778310628e-04
1.206380373979118459e-03
3.918620983634768518e-04
5.099159246749057628e-04
6.589134345924424485e-04
4.907593180979580305e-04
5.359942264126921208e-04
6.671102762725311663e-04
6.386638170374908663e-04
3.226919304959718904e-04
4.583586515557458441e-04
4.307431245178239276e-04
3.645966055337568346e-04
4.338080570702174121e-04
4.006116935382220134e-04
6.467998600012958565e-04
3.484136665925785525e-04
5.981602415733588973e-04
2.348187816521712934e-04
5.263088604364196676e-04
8.915128276977268840e-04
4.522977521723842154e-04
3.199717411164759717e-04
9.125687084729355858e-04
5.491114910370215041e-04
3.323360901825722635e-04
7.647919971866257161e-04
2.980973588156132781e-04
3.480350549932564874e-04
4.083926210167038162e-04
2.673213476054592252e-04
7.993682796592765927e-04
4.882440375085783657e-04
1.016653816324902815e-03
4.156384828186698854e-04
6.236187863820213950e-04
5.008354469987208457e-04
3.337101136947490110e-04
6.772126610715134554e-04
5.599755168092107604e-04
5.385701715983487459e-04
6.656955486651350284e-04
2.683608146696742081e-04
6.351968351103465249e-04
3.792885197733408820e-04
3.036858219592625252e-04
5.047133483663396314e-04
4.910943013122087697e-04
3.745350960680932095e-04
7.932115222366448171e-04
5.354614198677942749e-04
7.787452547055734309e-04
4.393584059972366340e-04
8.986784447191503711e-04
5.950758317117277318e-04
4.488625426090908643e-04
3.983703108167424567e-04
8.798096027690244236e-04
4.274901942551284639e-04
5.511845736018983200e-04
3.890704038647940788e-04
5.876628901325398058e-04
1.067017331112612988e-03
6.527199406583944485e-04
8.668683115017616903e-04
2.949932576969543918e-04
5.431031886701381817e-04
3.619526436768188971e-04
3.420959427799380448e-04
7.500607017838778479e-04
3.320954072905529797e-04
3.770840194480540308e-04
4.393724437083829093e-04
5.521970314009971847e-04
3.121361799718336272e-04
6.720354311895437860e-04
4.901793245034868907e-04
6.524295664289275765e-04
3.958564761255695119e-04
6.489994870276238892e-04
3.980536174791743376e-04
2.255169535532314251e-04
3.976699761615853923e-04
7.356355115038792913e-04
3.409142538638859632e-04
6.944767200054297041e-04
3.225043704060126526e-04
5.118887496843999019e-04
6.357393493889446079e-04
2.284722233125702218e-04
3.595157320804287515e-04
6.066037803132001693e-04
7.997203588639839600e-04
5.312122427801185820e-04
7.128812044422255800e-04
2.495845473642760437e-04
6.371890481605413381e-04
9.271223912261927769e-04
5.028047778857375194e-04
2.784908816783199237e-04
6.202569009678277068e-04
4.669985744958221607e-04
4.850307883473570225e-04
4.516267407554813706e-04
4.999118720321327203e-04
5.810356081821926866e-02
6.343986662478945382e-02
8.673899914326116400e-02
3.479737320554286695e-02
1.831342935797573845e-02
1.262922431639576515e-02
1.103326716174070354e-02
8.855404734333216510e-03
9.081517270389236063e-03
8.609006122314119547e-03
3.174836883826137601e-03
5.286981592543482655e-03
3.795141071861130033e-03
4.614903475679471567e-03
3.537458135810467308e-03
3.908023116008602083e-03
2.732723947699161604e-03
1.844621146363273345e-03
2.474357096104204401e-03
1.968584621009489277e-03
1.182161274276727347e-03
1.570022650826896626e-03
1.266447632150294322e-03
1.288305283287147218e-03
1.142906930566234269e-03
1.965732357073354808e-03
6.655998865809781284e-04
1.106146397770610412e-03
8.522348170378196697e-04
1.282442519369889067e-03
1.053489099966622988e-03
1.279035703807773761e-03
2.850561677166671415e-03
1.896573779044494201e-03
2.549171524018692403e-03
1.526387974107243362e-03
1.343575632823057475e-03
1.477817575679107875e-03
1.097175481027098942e-03
1.249094275036971569e-03
1.374410417072646773e-03
2.193846356833867306e-03
1.428872087557930826e-03
3.331979820305988604e-03
2.334494942367718040e-03
2.170685845796299640e-03
1.522439735068339961e-03
1.889502068018106273e-03
2.460852278944589133e-03
3.352001082971942103e-03
3.699323841778984212e-03
2.519909909419124072e-03
2.364566929082739799e-03
2.261246328348703871e-03
1.035773829387590106e-03
1.201083434466787558e-03
1.312188105581424402e-03
9.694987662187959376e-04
1.472181179564172049e-03
1.759161493957620004e-03
9.253051122104921644e-04
1.021693354034416967e-03
1.025955048110135936e-03
1.072188763980200243e-03
1.623291316104724658e-03
8.992274090222351912e-04
1.273257643348499335e-03
1.293365852032352104e-03
1.104944728930606912e-03
7.388558148642143664e-04
7.227170535871185741e-04
5.298908952771491654e-04
1.840136753211207843e-03
5.162631481877844042e-04
8.142791643739599738e-04
6.077185896443265678e-04
1.316391795619487048e-03
8.908334348041585526e-04
9.042550110452268752e-04
1.119627822166707753e-03
9.722949914926781734e-04
8.657624264054308849e-04
7.140035508596820346e-04
1.176259152200750946e-03
8.616503462936658808e-04
6.489292089282144849e-04
5.970764867976041668e-04
3.673085192592434600e-04
7.640298347946078428e-04
1.029197073845147803e-03
1.165695096493390981e-03
1.488357696474970626e-03
1.253986702535903053e-03
1.144362887713329391e-03
1.849617163535779985e-03
7.937790166270275449e-04
3.661359544995523851e-04
9.204696980178034282e-04
6.904345553513935307e-04
6.015267082612046901e-04
1.089560566400457620e-03
7.981218480545698712e-04
6.184171215469630445e-04
7.898910964045380290e-04
7.256971818654228690e-04
9.656050761600171173e-04
3.937494360731069731e-04
1.278927148919625778e-03
7.457887005892782639e-04
2.089022308999655131e-03
4.844292224943230751e-04
7.919878810359742838e-04
1.049130657850255721e-03
1.003564236787685138e-03
7.395140044641757004e-04
1.186244879138362296e-03
7.240865553406472532e-04
7.255531420915090068e-04
7.152434545725505632e-04
8.938262792268641954e-04
1.289724665909319778e-03
6.860576936804363424e-04
7.638807150643772692e-04
1.972938483277633659e-03
1.622510529568396698e-03
1.055726368645884539e-03
1.941857082875281248e-03
1.670875050865439082e-03
8.455833768567233566e-04
1.061170230054100938e-03
1.845390074481118026e-03
2.266486809354970045e-03
1.123067279160006038e-03
1.496773034083048737e-03
7.094172436068885146e-04
5.597715447764051167e-04
6.160723492938391388e-04
1.295538891103689694e-03
5.201148787546683305e-04
7.033268129755104736e-04
6.271111961332481721e-04
8.103886453754149954e-04
5.077319029517524118e-04
8.667117123070111617e-04
4.912911197137853625e-04
7.161965373119055789e-04
8.807763198676321625e-04
6.017843492181068621e-04
1.288024824225963982e-03
8.075466389876329032e-04
7.617394458663551138e-04
4.698872390405395283e-04
7.578356565384747334e-04
5.647427812753014198e-04
5.686516732164997867e-04
8.926353998452429828e-04
8.426129508435631355e-04
6.308008626706856914e-04
7.599541244238255944e-04
7.360819495133841261e-04
8.987216609597226125e-04
8.125394185006656889e-04
5.831276156449821668e-04
7.195985409132188426e-04
5.018278573319795433e-04
6.242375564453894743e-04
5.081098531698191589e-04
1.413335956818292938e-03
1.343391129914106585e-03
1.469349531632649364e-03
5.867672947253710358e-04
1.278174222658551296e-03
2.653557488220131821e-03
2.147560735421313871e-03
1.336366013212533788e-03
8.398004956714916203e-04
4.307816967717703616e-04
6.475067126192890488e-04
5.187960347477621470e-04
7.010950297602486225e-04
4.349455608969043929e-04
1.069567761142267703e-03
8.256702385619069107e-04
1.064152087120073809e-03
4.369989483817560139e-04
9.934906016131894724e-04
9.816733032655122759e-04
1.167081040800932445e-03
7.158424818451414318e-04
5.171735029730062383e-04
7.493018359573666576e-04
5.585735792654200615e-04
9.764246972965018312e-04
7.808604942233648982e-04
1.237125057091240099e-03
1.866834693816182833e-03
6.403535260122023010e-04
5.347858961857743232e-04
1.008599921750188977e-03
5.423887051258791114e-04
7.696651613466748421e-04
7.405304146841096280e-04
7.589364487673722071e-04
4.009572985130410716e-04
7.691327880502973890e-04
5.861721170705297412e-04
8.603328178212188426e-04
6.090579201662588149e-04
1.375168706084478609e-03
1.680454317687651855e-03
7.703199253980830274e-04
8.603758217081841631e-04
7.113540626820930024e-04
5.722596702492088738e-04
7.865451013561036708e-04
7.260989656984045970e-04
7.385580923682522059e-04
1.266709738099031091e-03
5.844977185128774622e-04
4.521854544738135306e-04
4.687622917894790353e-04
4.959602975945637260e-04
1.451896666943799930e-03
1.088654372726288733e-03
1.070361916307951966e-03
6.415614151423637557e-04
5.000776072177082199e-04
7.541972475831326683e-04
4.981205281396755558e-04
1.191609449680552935e-03
1.296326548532233947e-03
5.157928526864780094e-04
5.210296498328881309e-04
2.246947443899777186e-04
9.316572553004498491e-04
8.165016919115253291e-04
5.574461282601556045e-04
8.054065396030374302e-04
5.382298803467827630e-04
1.353559219751415688e-03
4.589489793179191146e-04
7.697328244314349810e-04
3.771857355155810998e-04
7.004554602884072168e-04
5.182350988883754894e-04
7.633557345064767574e-04
2.887487254472215215e-04
4.152598300901921835e-04
4.953998984906504699e-04
3.202632403461747046e-04
2.103430403404271676e-04
4.374695422307006698e-04
8.763362847746813955e-04
8.021516440773479584e-04
4.914693994264723864e-04
6.570345242185859913e-04
7.921548616422746658e-04
5.918308051407333847e-04
5.574525102013117017e-04
5.311317496271006355e-04
1.046790102511435672e-03
3.685533051666634030e-04
7.104031886261408246e-04
3.533783760721748157e-04
9.124114673642880202e-04
3.350464950774567630e-04
3.655689307333481741e-04
8.855082443560424732e-04
4.647553946642984934e-04
4.644286340949321801e-04
5.846181380798065597e-04
1.153641342927350100e-03
7.291161764270276402e-04
5.061728928475034417e-04
3.409132105345047403e-04
5.375261747633253151e-04
7.309498281416193510e-04
7.199547767788166963e-04
7.749277840384261040e-04
5.027402317379636720e-04
3.184173072316304198e-04
7.114011657938790201e-04
4.904497340671304384e-04
4.904803015760156315e-04
3.908171979227631487e-04
9.026760996544425097e-04
5.501115545881313240e-04
9.075359184736037088e-04
9.795604890945053267e-04
5.104345035973900657e-04
7.654185703953458875e-04
1.006777199121386412e-03
1.567797941702989140e-03
6.063024762877344820e-04
4.467044040471906952e-04
5.794768699319136074e-04
4.045954818749641912e-04
3.865587475446741195e-04
7.642953250880379912e-04
1.274290722784496288e-03
3.925687285867424103e-02
7.320663373788480199e-02
5.019724077861710543e-02
1.697746772924742242e-02
2.998496346396789525e-03
3.251063723821431828e-03
5.229631404756449053e-03
8.364558765500712534e-03
1.236307190997310013e-02
1.941106358847025093e-02
2.034195204906524834e-03
1.581117773690382533e-03
1.015886116922187776e-03
1.358854200929390799e-03
9.479138753923643801e-04
9.938788449630614474e-04
1.545254377064333995e-03
1.532888890153336070e-03
6.506025455800951152e-04
1.710866941862315693e-03
1.503275482839114274e-03
1.003527731197342843e-03
4.033665171991052123e-04
8.903717785209985802e-04
1.497363890656508434e-03
6.314287102250765171e-04
8.816303591213658919e-04
1.476774258742138968e-03
1.027144899886298091e-03
6.825689870299800344e-04
5.422989344486539576e-04
6.040131648785279639e-04
6.582034316535700924e-04
7.172259078978004965e-04
1.219768372550500413e-03
4.226276540535423010e-04
6.486020192952857144e-04
4.498317579557514767e-04
1.418216908520050779e-03
5.438975935256329386e-04
5.048784116821608547e-04
7.196893595469433524e-04
9.246671072221657184e-04
2.184680310319625507e-03
1.244151002331633782e-03
3.689141263790440828e-04
1.018344673686930046e-03
8.534046316638482788e-04
9.520528027931324244e-04
5.823994110190078288e-04
8.914228323835121648e-04
7.742893331572769933e-04
6.915443012080052521e-04
6.328311399147190652e-04
1.221311442641037637e-03
5.040672138371671274e-04
4.562057249665046887e-04
1.053181096351107904e-03
1.302256644678062569e-03
1.051828366796903058e-03
1.566791426498015394e-03
4.275458237550988638e-03
7.845164604443483070e-04
8.176009033399461723e-04
9.954455241946713606e-04
4.184030848271291791e-04
9.211112575894936372e-04
5.744464305181690156e-04
5.325593309221388072e-04
6.992283355165551662e-04
1.053802818199653379e-03
1.129008573167777918e-03
5.888201800023223909e-04
5.612489101413098425e-04
8.024550223826171225e-04
4.802732310394408621e-04
5.380101572639295338e-04
3.923037262139050796e-04
1.113209440733647915e-03
6.272611740286981874e-04
4.208658020989075599e-04
4.906477234914025098e-04
3.423188531758158959e-04
6.335835826187796727e-04
7.271340438671780593e-04
4.103735929039536989e-04
6.735031461803930863e-04
1.376275424807768544e-03
1.569784169572943644e-03
8.243850721911388790e-04
9.579470552421309737e-04
2.569583217470333691e-04
6.416470143867925024e-04
7.982646715995744824e-04
7.849421554263769085e-04
8.334775754758327881e-04
7.201995630890245526e-04
4.045177359305318632e-04
1.093530921457683269e-03
3.171043776559329119e-04
5.093256655577249603e-04
3.867492080732448656e-04
1.438765773493680400e-03
6.594680875152830746e-04
2.895498585758909948e-04
7.701261970153583380e-04
8.304023702992574529e-04
5.174575781384249673e-04
4.322603143823017247e-04
7.741115928767972054e-04
6.322266841722462560e-04
4.603778741118641493e-04
5.974275107321902478e-04
3.783480470545136365e-04
8.010898775298452845e-04
7.038459182799466918e-04
4.087062976950439630e-04
7.484221417628500461e-04
1.635726692048089514e-03
7.707057942742678858e-04
3.390915992493720443e-04
4.665849803894006609e-04
5.481428411331923378e-04
4.701129802996695251e-04
3.696644189077613607e-04
5.688113170491393422e-04
2.192974522017970829e-04
2.726285336048100971e-04
4.424272818347313452e-04
5.496816541357696373e-04
4.170146372195343565e-04
5.319894918156126140e-04
7.937871608170443682e-04
2.877257545941813710e-04
4.395053454339381549e-04
5.797800394689855974e-04
5.759219035963575317e-04
6.298147922999125514e-04
5.054011854883910804e-04
6.779847340460387617e-04
5.021855494849597479e-04
4.079300473578961750e-04
8.380359917464219599e-04
9.595222301262695819e-04
3.363792028608786344e-04
3.805850496785695425e-04
7.518747166971595508e-04
1.003908055954155776e-03
1.210202673782037608e-03
5.050540236492540025e-04
9.734513478916601015e-04
1.178878219678020089e-03
3.180163489887588568e-04
2.976457571260693324e-04
3.581320427116785332e-04
4.414048701893991122e-04
6.171249260730204966e-04
7.248462382644094149e-04
5.676712371758818598e-04
4.366001054829926620e-04
3.630624173342339445e-04
4.275683241656280664e-04
2.567460347605993176e-04
4.478141878486996408e-04
5.824616579995500754e-04
3.827055364459819309e-04
9.999149190093037376e-04
7.213373977942860726e-04
4.852563257004560704e-04
3.162428056407151633e-04
4.055830837920021414e-04
5.128121769477217429e-04
5.474745781249984455e-04
3.855062318048885217e-04
3.252453169486357876e-04
5.359709335234080774e-04
3.351523260546884764e-04
4.299829961057766159e-04
4.363227623617182971e-04
6.354577545409634265e-04
5.450653176523184706e-04
4.866650768934055460e-04
4.342243336004220078e-04
3.657274621702427675e-04
2.713072436361096962e-04
7.140643831694826194e-04
6.898248055023509240e-04
3.227450234765671944e-04
3.585903070961737882e-04
3.138241416149600838e-04
5.951986345253956756e-04
6.701830981071799087e-04
6.413876366774540205e-04
3.691376313877947624e-04
3.486760658347465291e-04
1.203038768233161138e-03
5.256728618397293884e-04
3.585245971682443633e-04
3.623461454080878497e-04
3.322917125523766613e-04
4.016819915165226185e-04
3.870357970823523619e-04
6.832056805941150168e-04
6.010437293098302991e-04
6.973426960927703311e-04
6.087098904382359787e-04
6.449298302466099919e-04
2.363519304087874362e-04
8.284077598852968016e-04
2.642447197716280005e-04
4.245857753040621629e-04
3.663958236634207166e-04
5.182310664499506503e-04
6.366045301351430652e-04
5.208034814235956711e-04
5.385496753065877051e-04
1.112481519928029683e-03
4.136425326281278902e-04
4.498228256440001127e-04
4.114494460653178587e-04
2.528427137062777552e-04
7.335348780479478137e-04
4.524271753756359260e-04
5.187859548448914282e-04
3.661162978080834129e-04
5.124848779279184141e-04
3.702190471448624232e-04
4.429425151107474479e-04
4.916700210445268393e-04
4.481570152397584827e-04
7.506021218496999881e-04
3.175811875446715726e-04
3.699804127409167531e-04
2.615002502818070118e-04
6.847536650021190940e-04
5.095698197838949284e-04
4.401081496028524942e-04
6.632037731049145179e-04
4.008837609912746514e-04
2.086871730325734475e-04
4.395360110360929662e-04
7.424977549009142974e-04
4.798322054651027457e-04
7.826576709559773803e-04
9.133401807678576123e-04
2.917726069694981383e-04
5.112950263017890240e-04
4.079053480148253641e-04
4.315965062901411242e-04
2.560025637530494169e-04
4.211234241392747268e-04
6.994592408616634449e-04
2.701530426958420605e-04
4.565413620390701421e-04
2.921956654755725191e-04
3.434393027892251871e-04
4.906583165426581239e-04
7.836179783637514662e-04
5.727283860730014720e-04
5.508922299131829847e-04
1.772638105153462318e-04
3.842307326758914732e-04
5.970503633431212265e-04
4.507828528538676549e-04
5.943129692348864124e-04
5.724401675069878959e-04
2.710524136899511438e-04
1.677669021150240969e-03
5.255029081354251064e-04
7.288072644752452423e-04
3.382884121510831843e-04
2.771831175692879290e-04
4.814382865789695876e-04
6.422465250124076430e-04
3.895979828911488863e-04
5.998691582074500150e-04
7.925180609011373001e-04
2.558792899300388335e-04
1.481701884332997654e-04
4.458423878069411872e-04
2.779242751492494445e-04
4.691052293188391342e-04
3.160611342720442973e-04
3.727814954484626186e-04
2.719345825334534839e-04
5.025345508687245610e-04
6.283443071075783815e-04
2.861379336400182716e-04
4.299270584652570282e-04
8.030522395518491230e-04
5.133109663830737190e-04
2.898569992581812027e-04
6.199797294729053609e-04
5.143110831581920728e-04
4.873120106392847539e-04
4.100981910275108833e-04
7.302034428997850046e-04
5.900440073902113447e-04
4.344996696784564350e-04
3.616947613189619437e-04
4.078637132710583035e-02
1.393861726299994164e-02
5.594805165295971272e-02
1.747050282791771936e-02
2.245559884160339137e-02
3.703360875732102098e-02
2.035544998005306416e-02
5.299601262284667214e-03
4.968121422080626348e-03
7.529702673098326304e-03
5.860243750250002104e-03
2.682425026370560683e-03
1.889294413750741697e-03
1.959066290322206139e-03
2.498662460708331312e-03
1.343193483711077607e-03
1.316062857663793939e-03
1.804087664712891725e-03
1.267946391108623616e-03
1.243051872300809935e-03
1.239757122536710998e-03
1.206671132119196965e-03
1.265744345055622166e-03
1.643601282935183705e-03
2.968252790623807091e-03
3.817844689457144947e-03
3.625186395278784390e-03
4.703506802681764465e-03
2.011375189645558947e-03
3.028543233327907203e-03
1.303384796620996045e-03
2.160140586110359529e-03
1.207272815947374456e-03
8.985996385651728868e-04
1.839215681048542161e-03
1.270974144033279463e-03
1.383218122721352472e-03
1.251422651561653887e-03
7.600426344712141180e-04
8.266454025203651135e-04
7.367060847601747398e-04
2.911833285908632662e-04
7.213565780861269650e-04
1.753217887858649071e-03
8.739535551897659182e-04
7.666260189102824807e-04
6.250210478834505867e-04
8.142893971554016064e-04
3.490072913083230866e-04
8.894496964336473521e-04
9.550373235010234385e-04
1.093224454751143271e-03
1.495788373681028460e-03
1.784086960185546356e-03
2.153211302380636516e-03
1.391886428526362129e-03
1.156977651405932672e-03
1.056868857983631060e-03
6.400995428652161978e-04
5.980591244273136819e-04
1.843494078907464973e-03
8.999533406796322854e-04
1.926950012554135006e-03
1.262549037491456083e-03
1.515523124377082809e-03
1.744799247719280855e-03
1.189947231124435789e-03
3.937602071245605018e-04
4.271324106223106654e-04
5.447411004693980541e-04
9.838637509742287346e-04
1.298572988385801597e-03
1.581292926423033540e-03
4.634537490688928063e-04
4.035374147340481388e-04
1.033460154670179376e-03
9.043173075765770230e-04
9.324874474091471299e-04
4.390669827742527120e-04
1.074448011446571538e-03
1.111886192395702966e-03
6.157047106462032460e-04
9.111316140777425687e-04
1.247450286288850907e-03
5.778882695850334761e-04
7.410468964887950705e-04
1.026948398915872307e-03
7.508057666276019004e-04
6.605358037869574206e-04
4.705086213714487764e-04
4.843758816394788669e-04
4.442774020708417648e-04
8.294373508371949422e-04
8.765157940227863431e-04
6.929790060892226933e-04
1.956863385564153179e-03
7.554829286728625970e-04
9.852124842595899601e-04
6.810988378165572232e-04
6.755531645751960967e-04
5.184894400857009700e-04
9.427350333941209026e-04
6.069724920458319239e-04
5.121740220814241518e-04
8.154416587096147140e-04
5.717188600450756608e-04
5.028764574542265997e-04
5.469813638863674221e-04
2.879642216018774015e-04
4.557748950830275980e-04
6.874026029731472587e-04
3.746970675184008170e-04
3.504177753387016647e-04
3.933115325014113761e-04
5.987207086576573634e-04
1.233411864866085228e-03
6.502655035885290813e-04
7.232292344569457576e-04
3.007771131829095612e-04
3.998929458236544221e-04
9.800979570139811692e-04
1.310551845436533358e-03
8.758710323500812356e-04
1.397949963243549920e-03
4.905712320313754260e-04
4.861750343096715721e-04
4.513565282045217675e-04
4.011432812798393366e-04
1.215311259438481284e-03
1.294863477559235476e-03
1.463601446279605423e-03
5.263932558589590194e-04
4.984222436722335337e-04
8.090889486792735008e-04
4.483206023496860704e-04
4.492637934255666599e-04
8.211111228046963362e-04
7.523964922167558633e-04
5.378721227434907215e-04
3.217410580199503434e-04
4.433328565657951303e-04
8.037337089849411198e-04
9.935238928993617158e-04
9.876367018042536694e-04
1.243878474295315173e-03
8.367776316197395037e-04
1.005517027137539654e-03
8.467067124392629873e-04
5.335822946428703251e-04
4.929928603502747864e-04
8.375451296644825794e-04
5.586719922280047879e-04
3.842929002984135645e-04
4.890486621058204308e-04
2.209892900131710247e-04
3.638497678982999251e-04
5.826717157476762887e-04
4.793967309734692428e-04
1.036122025365737720e-03
4.617780765136525467e-04
4.486798485804910364e-04
6.664528668243324683e-04
7.563210194829472766e-04
6.300935524379130959e-04
5.070326590750351414e-04
1.250393018311896087e-03
5.403295360307119877e-04
4.297759239415971377e-04
8.876186869211238895e-04
6.402335309035611655e-04
1.128875031268461449e-03
1.329026621783080397e-03
3.640540888640020345e-04
5.594195093807652341e-04
6.136166396397274569e-04
8.892846206856042102e-04
4.143053128748686031e-04
8.747096163786716172e-04
3.885119456873142862e-04
4.459327173792076993e-04
7.444130303768531354e-04
6.787387641483122458e-04
6.885335963172090068e-04
4.692380729462569677e-04
7.873794080380247529e-04
4.536269916148027992e-04
4.555937889354211290e-04
7.015339551747351576e-04
5.747141237245900758e-04
6.131710149535202214e-04
6.549111070755925246e-04
9.630060455347311255e-04
5.600575534528834387e-04
8.591306899381062623e-04
3.005378359455523896e-04
7.625314682971062741e-04
1.015084316434641809e-03
3.109213546029776509e-04
5.113393873091703901e-04
4.792894314979284642e-04
7.054849606057816969e-04
5.793754125764244423e-04
3.865741857299181961e-04
5.342525015268329014e-04
1.967398876946968578e-04
2.643775995571640003e-04
9.111430569376799404e-04
3.191728706164326246e-04
6.155299858552343295e-04
6.927019591296545986e-04
7.216562834606449206e-04
4.820651725226249296e-04
5.572571326110109524e-04
4.530220012114588579e-04
8.590386815991030156e-04
3.409136712490407062e-04
5.415595963523672784e-04
4.838611039291867977e-04
7.329577636548539887e-04
2.723747826048200649e-04
4.570059851786295591e-04
5.022118075311277074e-04
7.216111587452778142e-04
4.510419799857168233e-04
4.182061703825179499e-04
4.129566968056885834e-04
8.873767255095504902e-04
5.094355405919626101e-04
5.812416674041698261e-04
4.473951106128137845e-04
5.610631795432696745e-04
5.022529962590283059e-04
4.167271038688913354e-04
4.034371327943514496e-04
6.809582199641672773e-04
3.307651073662931651e-04
8.151091593080195263e-04
4.090031986212494530e-04
5.038619525686294232e-04
4.562457317949519808e-04
8.163896120367691855e-04
5.241293653741596614e-04
3.788397867864473634e-04
4.231319903426900009e-04
8.831427261480062629e-04
4.761268964818682337e-04
5.123453500500002589e-04
6.029719733523508651e-04
4.740714941965235019e-04
2.924324628756636013e-04
7.866389659839795323e-04
5.807388704246185807e-04
3.703746431614474144e-04
7.499774092181998864e-04
5.090735115877570438e-04
9.487282735315405446e-04
8.022916462245704983e-04
1.055182826877359981e-03
8.268089251291660391e-04
3.784133619561119710e-04
3.996025607251874057e-04
3.647936411591001793e-04
4.123955970955633932e-04
9.794833067601482757e-04
4.635064969743252217e-04
7.728449973826850838e-04
5.676760378201667345e-04
3.218013975304911956e-04
3.395204992232836450e-04
5.586869295883950537e-04
5.439877149787109012e-04
8.284683663117714536e-04
3.141651245431725803e-04
2.824518125931346768e-04
3.147487561585837756e-04
6.058877909938809037e-04
3.931287211114409264e-04
6.770410049990321921e-04
1.421597205380764617e-04
3.412506424576300379e-04
7.027017429340753907e-04
3.360413325866618006e-04
4.022326217891780686e-04
4.828810658421417434e-04
4.300358197842635288e-04
6.928406463976716223e-04
8.735814531442148700e-04
5.771316380514535105e-04
6.682212991979408212e-04
6.064685685131798731e-04
3.317632920694646437e-04
4.363569715877951838e-04
5.598146466592041071e-04
4.122671560125024115e-04
9.580513571361970460e-04
7.651411393991142118e-04
3.035394400331958842e-04
4.370232437180820995e-04
6.656770921841803634e-04
3.870968373672623031e-04
3.597058266063003773e-02
4.695747609304072590e-02
3.731361027309264278e-02
2.791081720556620738e-02
1.716266020560694439e-02
1.025057155808466181e-02
3.003259789315412820e-03
2.539829666624748850e-03
2.444915277616074856e-03
4.582482345689989356e-03
8.287820996420336428e-03
1.648773703023168058e-02
2.496848250529856705e-03
1.276557232624847549e-03
1.438525915072264016e-03
1.562007872968743105e-03
1.362355770597650784e-03
1.891837353650699383e-03
1.021667188699462714e-03
1.346313837694526616e-03
1.387027811047797377e-03
1.101930034305947936e-03
9.266220911335332211e-04
9.608928800368121692e-04
1.097936518891631796e-03
9.032561706221464704e-04
1.029808118100550285e-03
1.520372272441672390e-03
1.814481319362987177e-03
1.558219842566543889e-03
2.204434104082081403e-03
2.068820760586856378e-03
2.156186019929617892e-03
2.305112600253414468e-03
2.690770668735936733e-03
1.446860995570051212e-03
1.576064539475438564e-03
8.796196230782399317e-04
9.677927840314182184e-04
7.609444362708939202e-04
9.188503261443048409e-04
7.215311983646277572e-04
9.790579349979039447e-04
8.670936799572981357e-04
8.354995100483680881e-04
1.211995411779021037e-03
1.418615848327434148e-03
1.150133337114916943e-03
9.712815351972103883e-04
9.136672556925296007e-04
7.592167236091657001e-04
1.255255879879971226e-03
8.266214852438030780e-04
7.645722318538883400e-04
6.310227162894671560e-04
5.595540326932546549e-04
9.933699861250366858e-04
1.692942473139752435e-03
1.165795863909913077e-03
3.010287529442490229e-03
2.422850787411681694e-03
1.057125955001500528e-03
8.002520632304221948e-04
1.006415486349498956e-03
8.015740973852658602e-04
6.959117884129395470e-04
1.153700742271848712e-03
6.262385827613264899e-04
1.523636939528644207e-03
1.405899849835245963e-03
6.570153659404970314e-04
2.419826803196897802e-03
1.767388794816249220e-03
1.139382527061305606e-03
2.262880983537413071e-03
1.188221834515931774e-03
4.535856940436067131e-04
7.232250197503897748e-04
4.438974093212144645e-04
4.862485889747664158e-04
6.096574772763291294e-04
7.038052156965873829e-04
7.757741011899244032e-04
4.637429328379211180e-04
9.324226886670006209e-04
2.937178249334815305e-04
6.385152900193202807e-04
6.414926121049574492e-04
7.737885592174753580e-04
4.366602665912128201e-04
9.539444380899375631e-04
8.883752632531521920e-04
9.044988556774491428e-04
1.227734524178653031e-03
1.166553844516374228e-03
1.172768624714132235e-03
5.997461082800914500e-04
8.147735417107782041e-04
5.252800478390967642e-04
5.838782057070862619e-04
4.557884580991683476e-04
5.811190390884873880e-04
5.756970094293600848e-04
1.009769007090099979e-03
5.506268745604503412e-04
4.354451685562310548e-04
5.300810846710635182e-04
6.507267430745644621e-04
8.225873125347615833e-04
5.714445157900538419e-04
7.528230076710440422e-04
2.593970873846079828e-04
6.814432919833857127e-04
3.469024910865980971e-04
1.019624096468108032e-03
4.248847113780124252e-04
1.429996639540812020e-03
9.758572039974128254e-04
8.064575112809585500e-04
9.789009701381967687e-04
5.802554666209658318e-04
9.878903182191228760e-04
6.823481791871505164e-04
4.117464284506544558e-04
5.319877486758828322e-04
6.669127921235251666e-04
7.071080411756025530e-04
8.066374243677343348e-04
6.167539084793033366e-04
6.360790798017740277e-04
5.311605623349591188e-04
1.099155340414353921e-03
7.829526072029441286e-04
4.482650498303930586e-04
5.485355413893527876e-04
3.377500789186749230e-04
5.349218713125991620e-04
4.509116055402689893e-04
8.065450981016436538e-04
4.964306574127413940e-04
5.473443860447846365e-04
6.290274545214663560e-04
6.455239487988401192e-04
7.863208896596862729e-04
5.957217403081971341e-04
6.403668922248945128e-04
5.566051573280828002e-04
4.061661824214385375e-04
1.039180041779400043e-03
1.554462853656568555e-03
1.727780249658222855e-03
1.874997441982551027e-03
5.816914252533139651e-04
5.118879559551647862e-04
4.803397058819325327e-04
7.278074392109701307e-04
5.500129028725292413e-04
1.107126424169824208e-03
1.016214645390089988e-03
1.509657328806507381e-03
1.664766268987372122e-03
9.787928400124129569e-04
6.463590054858886491e-04
5.174708599328392555e-04
6.900720936794668692e-04
7.194215997530228890e-04
3.516721422765212157e-04
7.090133895520933649e-04
4.983755438410369942e-04
6.412379242305560334e-04
8.068608849401692762e-04
9.997708102110203221e-04
8.400477984360915640e-04
4.580801635175740794e-04
9.218370574365919445e-04
3.535167881998646511e-04
1.116133971359623001e-03
8.604063164529412999e-04
6.119101577459068464e-04
5.952602865624267992e-04
8.880879851519835055e-04
8.178148988576272593e-04
9.246888372370365428e-04
8.315836049054003976e-04
4.036172757878181416e-04
4.765043624942733036e-04
9.369971316980918452e-04
1.386035939621277358e-03
4.479579149921919523e-04
9.205302543646848301e-04
4.272554516570464811e-04
7.161424775885827376e-04
4.572420543253324920e-04
5.580004308006203395e-04
6.812829020680644110e-04
8.797286019398969925e-04
1.255102285368389636e-03
1.205594973950827042e-03
1.324091502947391530e-03
4.498359738495799620e-04
5.432253945660686645e-04
5.397740346283069757e-04
8.287455881475502828e-04
8.884931626483016931e-04
4.278192454376106291e-04
3.512456553270010273e-04
5.676589193828185387e-04
4.516854216070481653e-04
9.742100501358430531e-04
4.110944937919247533e-04
9.812848515279581907e-04
2.988631755933973677e-04
5.134240610068785404e-04
6.948541921897311013e-04
8.738282263865138066e-04
8.063996012274698977e-04
4.978956266279005449e-04
7.036797278199558026e-04
4.257419267910955707e-04
7.363184635135050504e-04
2.977584377052422404e-04
8.134449763208678741e-04
7.168263596702140195e-04
6.521438488446690274e-04
7.648399837878322449e-04
6.668814313857268639e-04
4.142406553842015171e-04
5.576768592631814458e-04
3.157994523001333986e-04
3.944417390471521845e-04
7.152190004597602790e-04
6.442733921316334822e-04
6.885256051863131166e-04
4.584868447853052142e-04
4.082854682953274139e-04
3.263206093871845459e-04
5.623433821154572021e-04
5.487497863287532640e-04
5.445622881700973306e-04
8.525510057997565116e-04
7.639933419830158279e-04
1.421816705660605695e-03
4.069212112493003630e-04
6.384379407181617339e-04
4.025990589330841196e-04
1.029736355209420751e-03
7.879034894543723855e-04
4.913895959831326987e-04
7.784079870286481073e-04
7.162275972256715306e-04
5.369526315097544744e-04
5.249918993073671158e-04
2.923126809150078387e-04
6.132317264091885489e-04
7.453941354234605576e-04
4.267157933552506721e-04
3.860584242378339859e-04
3.910199147164200584e-04
4.342002604282024780e-04
5.336534854914753989e-04
3.227969022533971888e-04
5.372033204265047601e-04
5.028495840683072649e-04
4.275210032377158020e-04
4.003042013921848108e-04
6.096476279063428594e-04
4.922722956564040686e-04
5.133907180224772659e-04
4.428837823882841862e-04
3.997847145716798556e-04
4.691995188959297014e-04
3.380270916474997778e-04
7.754932256970464843e-04
4.482146427741140471e-04
4.057529793733000156e-04
7.589162019745465670e-04
6.013949598321632894e-04
4.760673588168201631e-04
4.582237795142662939e-04
3.087885356847092089e-04
5.618545437873906367e-04
6.704559481918725972e-04
7.243726622605389798e-04
4.536516066109413936e-04
5.825068267798771959e-04
6.228055910798280248e-04
4.759226914722303192e-04
6.018549845917126051e-04
4.571890389752641948e-04
7.553914783087339879e-04
4.699176679110877997e-04
3.973169367749440628e-04
3.021669217895400772e-04
3.054247177872726482e-04
7.333290430928673942e-04
5.752606298904394677e-04
4.570847436091846072e-04
7.649356341562218997e-04
1.247413406557346116e-03
4.344965111438559013e-04
4.699008621953355835e-02
7.365621837963072516e-02
3.300991183645823890e-03
4.059180035943965592e-03
3.317131166988965263e-03
9.314610993710836784e-03
1.969841108108112693e-02
1.596503531999869663e-02
2.157231081388291671e-02
2.151365234780502900e-03
1.090541110887480181e-03
1.586100052282102268e-03
1.953828518832495531e-03
2.825294113336207502e-03
5.478808679962962613e-03
1.610560708412270281e-03
8.104665284804773995e-04
9.985630462545358466e-04
9.485750161670747360e-04
2.265824159978988006e-03
9.897643258610505645e-04
6.165558911618018723e-04
1.381668382924666760e-03
1.506931607932721073e-03
9.873895728470943878e-04
9.346685850336600154e-04
1.122887367079966614e-03
9.391683241454507058e-04
4.137111194827680638e-04
6.948199725956283324e-04
7.017202098373032104e-04
5.144200783700897395e-04
1.068312561351938972e-03
7.031294932423326483e-04
9.897394670251163928e-04
7.823093189339574982e-04
7.681426842984923065e-04
1.125732536858756183e-03
1.597028108092896082e-03
7.566016283824805733e-04
3.699742199659988851e-04
1.009711210181313268e-03
4.284768024196972114e-04
8.385924768606056734e-04
7.595805572263858441e-04
1.585232277295123282e-03
2.499816076685298927e-03
7.712830395658343274e-04
7.758405633695730774e-04
2.958275666526538616e-04
5.088359171144252180e-04
1.261085177086729292e-03
1.823553410953193676e-03
7.888763608611681910e-04
8.937666769033708603e-04
5.000432719395736525e-04
3.093466760592522569e-04
7.300153428807937273e-04
2.100411313061920082e-03
1.773772123558225999e-03
3.012914128981025730e-03
2.841431017213319477e-03
1.313632160597780207e-03
1.337531322398166633e-03
1.851689455864891087e-03
1.639241930979210005e-03
1.040954121894074880e-03
8.562276705858656856e-04
4.540241848522003076e-04
4.068396093442061545e-04
4.799637331335260271e-04
4.062416451292710784e-04
6.657684994067075701e-04
5.662850871283736653e-04
5.373422375952868757e-04
9.316853714860240387e-04
1.815059103958571729e-03
5.140465969326463158e-04
5.225672234330513977e-04
7.954137798105442858e-04
6.431459126145788741e-04
7.724134974993884795e-04
5.080327281147822838e-04
5.779246866399051497e-04
8.224687284213716421e-04
4.180050782506966600e-04
8.606845812955399300e-04
8.822666188702948942e-04
1.192619096090113961e-03
4.930909591547572024e-04
5.688939220985789191e-04
1.082010050780138344e-03
9.321728760340874942e-04
3.121528180812238595e-04
5.304968417846334106e-04
5.031725344207954587e-04
5.703580368749405771e-04
7.647279988008959251e-04
7.482366478376162311e-04
2.856382379990141107e-04
4.960529832941235062e-04
3.948687186905164292e-04
4.416684424433242606e-04
5.866426434931043543e-04
3.196299197334578901e-04
5.490759535069777986e-04
7.305626387790614684e-04
3.893756290005989662e-04
4.904484781115547865e-04
7.239758438547239106e-04
6.744255528599030214e-04
9.351192214851339335e-04
4.642891390495285098e-04
3.297619287862679771e-04
7.032615613497550378e-04
4.073135311966347150e-04
5.063973392115950212e-04
2.247023364695385772e-03
5.565338070875058829e-04
2.827731140742917315e-04
1.372518113803442019e-03
8.247356388376841929e-04
4.337825058621236352e-04
4.837337789192902582e-04
3.942092093233567907e-04
3.223877275145281551e-04
1.611600121698142374e-03
6.812907566074999366e-04
4.339196626825803094e-04
6.106302933314711190e-04
4.503392799334593466e-04
3.325049161748139248e-04
7.220951960223431776e-04
7.604118794735659215e-04
7.690221431460170232e-04
5.486875962270043594e-04
4.427038628068563630e-04
1.178085367924436300e-03
4.434194780206512920e-04
4.412133426559550209e-04
8.999032418072067108e-04
7.717259737111542561e-04
7.189905235104321335e-04
3.117017080604134183e-04
3.062811431830958497e-04
8.545199240799217222e-04
4.279061684601681570e-04
7.055918393615578932e-04
7.791241736886805880e-04
8.969145757052460199e-04
8.986086130219061996e-04
4.836393106899400385e-04
5.494464039307728198e-04
3.952612513125203231e-04
8.872599529793356865e-04
7.927846201718907748e-04
4.935966897889471072e-04
6.018936830288756923e-04
1.965169207234079840e-04
1.038675516320128334e-03
3.191127925380593533e-04
7.554694967951691709e-04
4.633408551644596640e-04
5.893780165157902484e-04
5.103761924436095443e-04
6.824977090030964755e-04
4.372917235224704768e-04
3.130090537180330035e-04
4.292067694525864008e-04
3.828878818844111409e-04
5.666691597716461137e-04
5.651077355020156512e-04
6.634452531740220316e-04
4.748427454225184752e-04
5.207303508896476973e-04
6.207803535113187721e-04
4.926312786783515474e-04
6.337458105969279165e-04
7.011907228432895378e-04
8.419870563630277305e-04
3.750441444891755571e-04
3.591961619443390097e-04
7.225719122810614348e-04
3.218728275167503927e-04
9.723196278385165536e-04
3.842144376749040413e-04
5.772317865746223742e-04
4.988324287077822161e-04
8.164570149673533450e-04
8.138336856656352980e-04
6.000248008241060305e-04
5.694202172657064631e-04
6.262804304541652600e-04
5.373035040754925440e-04
1.054593555891561452e-03
6.291905036111405947e-04
1.206466717032228519e-03
4.862917193512034109e-04
4.991458775730622799e-04
5.357337727559113860e-04
3.725077768171047854e-04
2.954223177120129940e-04
3.846863020727786520e-04
8.864694369441206145e-04
6.144276745287252650e-04
7.800435339205685770e-04
7.488748645324283526e-04
4.023999205212125396e-04
4.095767337515404671e-04
7.801098601183803494e-04
6.188307244870266954e-04
4.796917254201449321e-04
3.287284315024729953e-04
5.351845989698122974e-04
4.395510959201848200e-04
3.605255870482299008e-04
5.581154693702627956e-04
4.867378853938286731e-04
2.114009736041977394e-04
4.149839870450644508e-04
6.948945081464291684e-04
7.235195784169035083e-04
9.926623198270867476e-04
4.549942231240888812e-04
3.585606766652593702e-04
4.576957886897603522e-04
7.032677299167178209e-04
3.632822432336202390e-04
6.186400026138016983e-04
7.483822084505820094e-04
6.164779956881472067e-04
7.209787617957069683e-04
4.563536832274672772e-04
3.757537058393656260e-04
2.855832321775331195e-04
4.525220598992907295e-04
5.268888169089464002e-04
9.363930530333630653e-04
2.692022756419915064e-04
5.129342199172715056e-04
3.667351695350595797e-04
2.545673555372079955e-04
3.813135288343039164e-04
4.656039044289017603e-04
3.851849388866734891e-04
3.912250117190096965e-04
2.321576569891264930e-04
3.375931282226934949e-04
3.367571303065641786e-04
7.475387507730052450e-04
3.259500438080736862e-04
6.999346860597915887e-04
3.560393614320533917e-04
5.377535630773228048e-04
3.156251140060406524e-04
4.319145636511034780e-04
5.440065228070056769e-04
1.009502800787293042e-03
3.558396152044396299e-04
8.751405297616754453e-04
4.084341093628790498e-04
3.905250742564925215e-04
9.688382541374468415e-04
6.611451407935037272e-04
2.664343521590617492e-04
2.813313559830166177e-04
6.151562819392275561e-04
4.749265508989936047e-04
6.542538528821612021e-04
1.725170920690258236e-03
3.412615478992769846e-04
2.687789818951735743e-04
3.880211479140305286e-04
6.028377353785863146e-04
5.486636323414617600e-04
5.985943173141827778e-04
7.842049130628997444e-04
7.783159488468360809e-04
4.170901124961184925e-04
4.083529351808778962e-04
4.457139603212395551e-04
8.802616570164484289e-04
4.305601859681540411e-04
7.175741333027563229e-04
7.246366753797528482e-04
5.827527683115590884e-04
3.714750444684250530e-04
6.839626430296119608e-04
5.157441284213276633e-04
7.531550721358581946e-04
4.337181394340194895e-04
7.181946621011570109e-04
2.507530908279487214e-04
1.122901130424361349e-03
3.147087084717364869e-04
6.931517218932009561e-04
4.771842479937005166e-04
4.060064059198259523e-04
4.400456038587963192e-04
5.843833911033102790e-04
6.630227148002816595e-02
4.442114361469559625e-02
4.233104629105088890e-02
2.823463095947509327e-02
2.414962571859295692e-02
2.795223914558087053e-02
2.881401592247921639e-02
1.023907648272216753e-02
1.801916792798699540e-02
5.923473641560400571e-03
4.463293255821232375e-03
6.252035693730062516e-03
3.817740406976632972e-03
5.961494393974850481e-03
5.294414132667873973e-03
3.606529811137543229e-03
3.138579140167407910e-03
2.611746559469427242e-03
2.711670223120243861e-03
1.463715759883243983e-03
2.174099152764161214e-03
1.957235737700249723e-03
1.960977126625199074e-03
3.707558910835753729e-03
1.856881162648094108e-03
3.930411165479111291e-03
3.376037140131460390e-03
2.194047380543018289e-03
2.240920583767333496e-03
1.985393385256037369e-03
2.262381790924555824e-03
1.251631556958496261e-03
5.419398680687886882e-04
1.789701601784488005e-03
4.564114269533237067e-04
1.098164665689335684e-03
1.311154114312998442e-03
1.010508585432459694e-03
1.653352729772447627e-03
2.386408448715987562e-03
6.998675817001809296e-04
1.041262071760626351e-03
1.208846156606713240e-03
1.660111237074421431e-03
1.632718912848801773e-03
8.429533735011124351e-04
1.251643538477731354e-03
1.875118654030921705e-03
8.948758553918439995e-04
1.116770995414212431e-03
1.348579813722980414e-03
1.396564590403576167e-03
6.401068266826681619e-04
5.755821893590890026e-04
1.033900384796865302e-03
8.392712340832969575e-04
1.534672626586672251e-03
1.246830425943090681e-03
1.770922899544224993e-03
8.912628296006003259e-04
1.243742862231569934e-03
1.071775942865713094e-03
1.850783617620629928e-03
1.384130656578469454e-03
1.303725857115300979e-03
9.717674268276965677e-04
2.316993453760102240e-03
1.406701324230166805e-03
7.266818510295730560e-04
8.833756120676106161e-04
6.966803914912195195e-04
1.033442101720849493e-03
1.940012890790598910e-03
1.360427898216387543e-03
1.394669521412428281e-03
9.764470632224048208e-04
7.075409532843746074e-04
9.009004974527973220e-04
6.222810912979437337e-04
8.432422482938933816e-04
5.318907824514579330e-04
8.092704831750563432e-04
7.748201632483270318e-04
8.102091976030789677e-04
8.079053663809093733e-04
1.071138982805336370e-03
6.423423770284542034e-04
1.037938294843554488e-03
6.494130135721448704e-04
5.063923378185175572e-04
7.145420422868808963e-04
7.990408507039664654e-04
5.917954055087298881e-04
3.638931259710986854e-04
3.202061957414542581e-04
4.692515085764903393e-04
5.559852686398969457e-04
6.478914442938354945e-04
1.214570225557543015e-03
3.826561428826313893e-04
1.147278085876529685e-03
7.594523020423710191e-04
1.130475172327352618e-03
6.674436830996638426e-04
9.576783041227998616e-04
6.495050673078345271e-04
7.633631150116837460e-04
1.021062826587440520e-03
3.033982269608492821e-04
7.607498200440931946e-04
7.158778145811145466e-04
4.708310184852876334e-04
7.526732572599448279e-04
5.372143668221918134e-04
6.584408258356322374e-04
6.784992340724549376e-04
3.928104432132095702e-04
6.011939234708829627e-04
9.856034165727917129e-04
6.376246360013243519e-04
7.733299260867521063e-04
4.033465993212304035e-04
3.962357981172198729e-04
6.765027240732690572e-04
3.387663370491011960e-04
5.140001168565389023e-04
7.081050654013099077e-04
7.732731797529396323e-04
9.950044248406841874e-04
4.043337230813376371e-04
1.253837155318723862e-03
8.566376095869160379e-04
8.066703868226665630e-04
3.238924692488820423e-04
8.183150590013038572e-04
1.355265933008983903e-03
8.078495559575432639e-04
1.028057448080127445e-03
3.936573781866958832e-04
6.739326097064263221e-04
4.106420535314597720e-04
4.229044777331048000e-04
1.093646219707755662e-03
2.033891027306472532e-03
1.519634322257962245e-03
7.078946578905204179e-04
7.855850247666523734e-04
1.019979357230693662e-03
1.057972447313218489e-03
2.796712812847004792e-03
6.704269324777495376e-04
5.620356599406045595e-04
1.437808513190141912e-03
9.347942271858700192e-04
3.865249532631898077e-04
7.712590608778546741e-04
9.689709800033002862e-04
3.812402861549241129e-04
9.856458866916856243e-04
5.735192674210104480e-04
1.527817160291600196e-03
4.315691383402070480e-04
4.246476616597272269e-04
1.009760647039684156e-03
7.127683000399398505e-04
6.021117179792062624e-04
6.394281483831226742e-04
5.802383480240924651e-04
5.907243206265816449e-04
1.114295141669413569e-03
6.018072463267049033e-04
3.978182468953872508e-04
4.727013418973635694e-04
6.125970122169144272e-04
4.517646697348720597e-04
6.788949283157985626e-04
6.085187323400659265e-04
8.451087044207550303e-04
5.833626664700497511e-04
5.285610371680848907e-04
5.113602439743847317e-04
7.108929979681988254e-04
9.082280324658187354e-04
1.595781031353007973e-03
6.109477081695652290e-04
3.711600687428401324e-04
8.758291811750695821e-04
6.106202999677512455e-04
7.185577438038742715e-04
6.790255507022197046e-04
1.066215642384696349e-03
7.283367687079267405e-04
4.059067159922769008e-04
7.118465424040543166e-04
8.641878172658823409e-04
6.633606090320209869e-04
1.107923694841583817e-03
6.582673858726989513e-04
5.664611899611621260e-04
3.432898311227505772e-04
3.004612807541440223e-04
3.297580655101106650e-04
5.291532455852232530e-04
7.776465067210469595e-04
5.934474099116987533e-04
4.318613594859604943e-04
3.724197470953427569e-04
5.421854710824791646e-04
3.036649645960370902e-04
7.520769648293179621e-04
4.309061507357381249e-04
4.544702525154931116e-04
5.549972486024179474e-04
4.530554943071862795e-04
5.640840586594586537e-04
6.574659815199029866e-04
1.029504980203710396e-03
8.286856908569922853e-04
3.222369396049945545e-04
2.485840927815285983e-04
4.658150209062711378e-04
6.171905291776913494e-04
5.663790922414840834e-04
6.135368021244758108e-04
1.122450701237162618e-03
4.480487647310904542e-04
4.430069178078810399e-04
6.174264026932024807e-04
5.136624551692614560e-04
1.001252362090240822e-03
7.109932297575116689e-04
4.116860282530471205e-04
8.989015285525842058e-04
9.468361783158407707e-04
1.234717964065393248e-03
7.614817692021130791e-04
7.822188122844631053e-04
3.723981544146159894e-04
4.777091081323708854e-04
1.082553125594035159e-03
6.835006164853107968e-04
9.027879287685919296e-04
2.155825953070872325e-04
3.708278705027157063e-04
9.146740050430535174e-04
6.096481041683587954e-04
7.974195458428090522e-04
4.240445506265705378e-04
3.074423996683034455e-04
4.987924788447256619e-04
2.565028980078404297e-04
5.332338057103397366e-04
4.411654222861299823e-04
4.562398005037160420e-04
2.540981090195237879e-04
3.360905987506990211e-04
5.782101495279134973e-04
4.951166516212746060e-04
7.965935503081028601e-04
6.557932175056124802e-04
4.542285366483100884e-04
5.881994470253587570e-04
4.577884327325587588e-04
6.371277972266609080e-04
3.912061891290785631e-04
7.471680511113160117e-04
4.774663753945446176e-04
7.994162917234481913e-04
4.774227216103460458e-04
1.089916405930785315e-03
4.339458234344645282e-04
3.856013114360290484e-04
6.414518351823550457e-04
4.479199522015309132e-04
4.525765493870737011e-04
5.117265660790487614e-04
3.147409989205096625e-04
6.044450461913514205e-04
5.783451126954164412e-04
6.453125280471011527e-04
6.504249929618205472e-04
7.314220298152568356e-04
4.626669936853566867e-04
2.836783220161592789e-04
5.891320185950482680e-04
6.672324634724446923e-04
3.806758134590471077e-04
2.518379657994174181e-04
3.039352488962421273e-04
5.591821910267413820e-04
3.996058490386977802e-04
6.145858298518824814e-04
6.911961767026575387e-04
8.259971391103154703e-04
9.236325454427124493e-04
9.205146683615578196e-04
5.679922966234929316e-04
2.895296934328495109e-04
4.574703110452882360e-04
3.612610561303242207e-04
3.431128404428500367e-02
3.374328663851344778e-02
5.995745578226831241e-02
3.036464579899031402e-02
2.056447222164588251e-02
1.474732269149872654e-02
1.032248893057358119e-02
6.204917996595837870e-03
1.132225553027572940e-02
6.339664182200138720e-03
5.173585991689738650e-03
3.773997020032726635e-03
2.419138385754387999e-03
3.534089074528942720e-03
2.259080352294912108e-03
2.732832700953508054e-03
2.354901446083523808e-03
2.188040974736418787e-03
2.582689150332315164e-03
1.550022418370142208e-03
2.426121825605115356e-03
2.286137074217806098e-03
2.996050998121974063e-03
4.569567065881463552e-03
5.282668642268312231e-03
2.805344827972552912e-03
1.446100673042696738e-03
2.393946122732901194e-03
3.021816214732978012e-03
3.185826050965817613e-03
2.988745340713111487e-03
2.341603924431473471e-03
1.654448712812492395e-03
1.290838351704903797e-03
1.099640800288709253e-03
1.812444317741815358e-03
2.054278671024492575e-03
1.972262970581409314e-03
1.111690589747194036e-03
4.251946732321251754e-03
1.991053911135645671e-03
3.596563817749226510e-03
2.352642989897485437e-03
1.620690790438625295e-03
9.063057420171383161e-04
2.004246007895310600e-03
2.311262179019127339e-03
2.175984575129269460e-03
1.933592385136517766e-03
1.274433157449059162e-03
9.877171200730755496e-04
3.800405302043508016e-04
1.193940069943583149e-03
7.234652033021871098e-04
1.040728003946292390e-03
4.500736940566685274e-04
1.161043631961081180e-03
9.019850929631034742e-04
5.899670246953397923e-04
8.895514334936460710e-04
1.058921370241550086e-03
4.458601596529776501e-04
6.985391056636564011e-04
4.939933452577788264e-04
9.940950120901209663e-04
5.117533029118659371e-04
7.190601971774623902e-04
7.420324486838714151e-04
6.214191559180126667e-04
6.213900626839685692e-04
1.070966634320366651e-03
1.392145408705303122e-03
1.176566703864748153e-03
5.103255518777577437e-04
1.093514591651162382e-03
1.371261771213841407e-03
7.475435979040628842e-04
6.100731151425509147e-04
9.751245002015684893e-04
4.588972075961483821e-04
6.628420028059051061e-04
4.066291366393581797e-04
6.661799875439244900e-04
9.708963270718962146e-04
1.488256112830751987e-03
1.064063087779135164e-03
9.028210681301385154e-04
8.128583994455873540e-04
1.687716615850320956e-03
1.168125686921317463e-03
6.637786465206602093e-04
5.615908292332244534e-04
1.005814104894225958e-03
4.808613374674697294e-04
9.551916130351584266e-04
5.903571517621719611e-04
1.477717463716846091e-03
1.529509776197757187e-03
1.071471078471580851e-03
4.227814598578849559e-04
7.129616965831364617e-04
1.656557328800448148e-03
1.293577945675986052e-03
4.851797520356443405e-04
6.706114882753799744e-04
8.857085161946137708e-04
9.700016139888439914e-04
1.010115224151730828e-03
5.383337336573729148e-04
7.776181432748441313e-04
4.488582418078479463e-04
5.985826139953132063e-04
4.224290227700516764e-04
1.421608392984496927e-03
4.380063856236487974e-04
5.779581150816420765e-04
6.165907148735494392e-04
7.098417918916521963e-04
3.944965440258463296e-04
5.645047420668042326e-04
4.506578079813000626e-04
5.342814925076572186e-04
7.388357966753716921e-04
5.835683933477914254e-04
3.207632804625576428e-04
1.309597476112547842e-03
6.049196904834019950e-04
8.423744507032593365e-04
3.868844113246311389e-04
1.017183550842307160e-03
7.263441687651861489e-04
3.721175339497506673e-04
1.032408689310287953e-03
8.041654523077979011e-04
5.616050443762454769e-04
4.835020936013456616e-04
5.705996291338333304e-04
5.445517626497808905e-04
7.299185322298534784e-04
4.155526897925559959e-04
6.482720722133933355e-04
5.639151308984846622e-04
1.899297730706323017e-03
1.288045630049902690e-03
7.095320522836345845e-04
1.486542526273906817e-03
4.164136910979054917e-04
6.248183910382565376e-04
5.536158729964740788e-04
3.065914935687641396e-04
4.878764457098144769e-04
4.243477986192872864e-04
4.659830443282109158e-04
6.513720573358694477e-04
1.210465146662453861e-03
1.012047925740056087e-03
9.853269419406451846e-04
4.840668842986117770e-04
6.088449725496491993e-04
6.690908882203555619e-04
1.038170912679228786e-03
5.833911479853487458e-04
1.756099678536141018e-03
1.436690566158638216e-03
7.911565882854076914e-04
4.687395579159453485e-04
2.875415334474273887e-04
8.359302481489722103e-04
4.397232661086797334e-04
5.221690432430370343e-04
4.217179591552433493e-04
4.910679094438652470e-04
3.656060553537399116e-04
5.491553740588628330e-04
4.962535155835778866e-04
4.728469214686226163e-04
8.956051949715188032e-04
5.608011715978467038e-04
3.417374235863829268e-04
4.766438955655788456e-04
5.656930506766771893e-04
9.798494184808798080e-04
3.754537670317553699e-04
4.282866223970366315e-04
1.020332834740067529e-03
4.459128634008019398e-04
5.790961920654064121e-04
6.819872982910812897e-04
3.902067153517957410e-04
1.531536363308938498e-03
1.259150919429616322e-03
7.264396958326230225e-04
3.295732145848218053e-04
7.493081508208321306e-04
8.426842230365022557e-04
5.836537230647503849e-04
7.406915162917609985e-04
7.265361563843913961e-04
1.422127046093180081e-03
6.815798457941724120e-04
2.831213852210745507e-04
4.229787442231597305e-04
5.261354971666382108e-04
7.203340522105583510e-04
4.687239580172947173e-04
5.156852773775810750e-04
9.919868187522606906e-04
7.308902726345378742e-04
4.923977857582140238e-04
7.028969645155730417e-04
5.636924534738740888e-04
7.011683771336596482e-04
4.420293566875926894e-04
4.203770902233561202e-04
7.336810628556095226e-04
7.028856366594338212e-04
3.803071880624508960e-04
4.186751772510127756e-04
5.062985008126574815e-04
3.735325526481175773e-04
6.637697785637358683e-04
1.334135212964715489e-03
9.030826714242767839e-04
1.083313160745447146e-03
6.082425336746133393e-04
4.633085460249430909e-04
5.269489836042945408e-04
9.788334084152999770e-04
6.982224731830743991e-04
5.571264484059701427e-04
4.177132573375957891e-04
4.588047851457333071e-04
7.600794282781875300e-04
4.454004190579813338e-04
3.202675128300414009e-04
2.938618273132520553e-04
4.573106047292274656e-04
7.535283004591053491e-04
3.343998092980582371e-04
4.336958082955394422e-04
2.993324603723646060e-04
8.545578988023300182e-04
2.499804217747370050e-04
5.272735863386251998e-04
7.035262770584138625e-04
3.483069062804461380e-04
3.417919546640363349e-04
5.776098462441647818e-04
4.689155287357638091e-04
5.325205502400010005e-04
2.495255327524953382e-04
5.523559848085168866e-04
7.396676287134695826e-04
3.106309171182208839e-04
4.306252820283906768e-04
6.911571685155326605e-04
5.841143407413901256e-04
3.844292669554078001e-04
4.845787439681087383e-04
1.139388933024648720e-03
8.173355365026502284e-04
2.497642319591875104e-04
2.702066886904053167e-04
3.595796766468761785e-04
3.353198050274897035e-04
7.764688685779341792e-04
5.809934477076922343e-04
8.720193356855365785e-04
9.892644110087167597e-04
3.527217954433642388e-04
3.474487837319129024e-04
4.659049454506791754e-04
4.653890830124685074e-04
2.122081552452803610e-04
2.198995806121095686e-04
5.181845334336215858e-04
6.704573288866810810e-04
4.169813282297596402e-04
7.008253198816094542e-04
2.943491693227773265e-04
5.191036312504754280e-04
6.801644677481566426e-04
4.940899998497338963e-04
3.878149194899288554e-04
9.374876538629783873e-04
6.062259466009523035e-04
3.696985489590742802e-04
3.721605120509535736e-04
5.900944889686288164e-04
2.355368055217965662e-04
3.497298155311773238e-04
8.376240927912420586e-04
1.993913281792228376e-03
7.925440604014816204e-04
4.316778860887909852e-04
3.080958375504677660e-04
4.237208789913127216e-04
1.828928130168383515e-04
7.119037860850163657e-04
4.202434321654568983e-04
3.518474601763219023e-02
7.203031231967581272e-02
5.935296847420268307e-02
4.804078908582584684e-02
4.766039685527621861e-02
4.537953874894641582e-02
4.480668862218063764e-02
3.913327920539168281e-02
3.747675591140167684e-02
3.132382058593174978e-02
3.294231356822813206e-02
2.949797156091198136e-02
2.693645741761277468e-02
2.459075826590870206e-02
2.334427823979358385e-02
1.599566749888016448e-02
1.199652240947993165e-02
6.361434545076344316e-03
4.308224549766814793e-03
2.768283312872446555e-03
2.585574968517148631e-03
3.009696179061840948e-03
3.266409557970556543e-03
6.145990822803301667e-03
4.042605716550254358e-03
2.833661844194507173e-03
2.386783134981806942e-03
2.740480693773056364e-03
1.639705270731844911e-03
1.302371218806538944e-03
1.321964169626196894e-03
8.164413846523110863e-04
8.959431165892622895e-04
9.918576265874889941e-04
1.589391299335440877e-03
1.519388306852165194e-03
1.500994182179873904e-03
1.655944168895279178e-03
1.540893429614331733e-03
9.300849829370072541e-04
8.331806536650970818e-04
2.044448446829730259e-03
8.191825194854840397e-04
1.082352712511683301e-03
8.329035769176207360e-04
9.676767698877652979e-04
8.361363862772058786e-04
1.864605227598556403e-03
1.179865074724562035e-03
1.056635677632117298e-03
1.661938591896547357e-03
2.632655670048694718e-03
3.653248001621742236e-03
1.023533091859984978e-03
7.900298072658629156e-04
8.295385318480286152e-04
1.000153910920453804e-03
8.492748035390657035e-04
1.644322302519554690e-03
1.412639302434542943e-03
1.519160842634259545e-03
1.229685372015426603e-03
8.016375321089064254e-04
1.112381029968689816e-03
1.029412152447686801e-03
7.421833965070706585e-04
6.518675130409434804e-04
7.876262638823183782e-04
8.161509990880361221e-04
1.226820356054703076e-03
7.477636553648581152e-04
7.467143258048924981e-04
4.539000326066328084e-04
1.019328439888472770e-03
8.365991253880683542e-04
9.447213741572146883e-04
6.395299554619315874e-04
7.129650334958548274e-04
1.082217559461973178e-03
6.667444819802026412e-04
6.223985056298120266e-04
1.400900101094088024e-03
1.527105441753481840e-03
1.791401316297971946e-03
1.002425453905039787e-03
9.885605221942872500e-04
1.239985864256901160e-03
7.811607105503437509e-04
1.176603981113036324e-03
8.528706567695054641e-04
6.038498112873325052e-04
6.947837240024595795e-04
6.550456573882479372e-04
7.474103224333061846e-04
8.764195506047456341e-04
6.912621555648645888e-04
6.465172188212797710e-04
6.211672496974074420e-04
5.346450770492006122e-04
7.421502399225787805e-04
8.316168143815694247e-04
4.686350063016486711e-04
8.060272713082267115e-04
6.839315062214662566e-04
9.967567174955227483e-04
2.317341606038803015e-03
6.729727036746402380e-04
7.189445895364604544e-04
7.963739784044437942e-04
8.614390712308461762e-04
8.013038076597756021e-04
1.107574928868551578e-03
3.696487799684233799e-04
9.566233839299193020e-04
5.886040552458005060e-04
5.671311957854696661e-04
7.221283668657901833e-04
6.401745430402033810e-04
6.327462091079288919e-04
6.277503040435644666e-04
4.319727501314596374e-04
6.444466522800562647e-04
8.789704295297934289e-04
6.235058599224629905e-04
6.072622198690369455e-04
4.998670943501537511e-04
6.837292278583373406e-04
5.869427636066015808e-04
4.894720748687825251e-04
6.685672905203110528e-04
1.024658426545657641e-03
6.244339049222003002e-04
9.145457678186308392e-04
4.820360678105262142e-04
5.696770860828259675e-04
8.864922883626835670e-04
7.624741201894547071e-04
5.666502225245978464e-04
5.559365773103452923e-04
6.062745085356341379e-04
9.274000918484126554e-04
6.153042347842030413e-04
7.711224751249107223e-04
5.999069169118909084e-04
4.287716866232110791e-04
3.689195305907749800e-04
8.887133818922671180e-04
1.040289399637989165e-03
9.948971824602498293e-04
1.249748035121595047e-03
5.804921747677299626e-04
8.265780274593209631e-04
3.691824362160728290e-04
3.634807520322136387e-04
6.757152857560233539e-04
6.318175437577955300e-04
9.483927946838943690e-04
4.434190606435878257e-04
1.063152454492413690e-03
8.309615269889575329e-04
1.219225396709544551e-03
1.777947864008047607e-03
6.387885103523449626e-04
7.057271794217306882e-04
5.752505050018313915e-04
6.185741743416489635e-04
1.214789351791090155e-03
8.338990986145183859e-04
9.690778662948540401e-04
1.287164745844573965e-03
4.665099071447242896e-04
9.850860855552118212e-04
5.378915142846829589e-04
6.044071683167506759e-04
6.353692207171635076e-04
6.086373793122018538e-04
5.001742926543650825e-04
7.925450741231437890e-04
7.500870959834815555e-04
3.777728923960860241e-04
1.077677523803180493e-03
4.260489884826412776e-04
1.055874213985896759e-03
7.591797729149807328e-04
4.951934088219395180e-04
5.694382738683223533e-04
9.764024639907636915e-04
5.439865755379053036e-04
4.659021549746067414e-04
6.203290612816769745e-04
8.184018694954858786e-04
5.101560685034922660e-04
5.695236483117122051e-04
3.903108248160536142e-04
5.312940803852694849e-04
8.253003358387883681e-04
6.917561628829171916e-04
1.178955944402523826e-03
7.329361622153834910e-04
7.376177160073466021e-04
8.249482557958626172e-04
1.153346139428398920e-03
1.076792705329746025e-03
4.684171125419328563e-04
1.670962747100601664e-03
1.200220855958264443e-03
2.008804583796167109e-03
7.991705673052323933e-04
1.532094295172273246e-03
5.666421323901604801e-04
6.593851007840600964e-04
6.134694007302737839e-04
5.912893173902755706e-04
5.134358654954734869e-04
3.910332755162615470e-04
5.710444912414847085e-04
6.808339453727718649e-04
5.763465736903089498e-04
7.302942818899343935e-04
6.155102297257242228e-04
5.066984209360081426e-04
5.668140674223581810e-04
5.555732285215803090e-04
1.139929281088136737e-03
4.462706242425451553e-04
4.077598956673533781e-04
7.908724465203187393e-04
8.416617753789212841e-04
1.069271107001501520e-03
1.001757101339317835e-03
5.344850046033883251e-04
6.159817437680070729e-04
1.434297321681266002e-03
6.119691475603011854e-04
3.257389374718977493e-04
6.140333052877533504e-04
5.005035527726880984e-04
3.835689593833790934e-04
7.138033486891737223e-04
6.179721038031688041e-04
6.301380352695951093e-04
4.912920231644885005e-04
5.212087000629472833e-04
4.826777851189151258e-04
6.081857521305078507e-04
8.117675582094557862e-04
9.322560152334319339e-04
6.189527628327889941e-04
6.418748214463976254e-04
7.914094618120121050e-04
6.680952426157404922e-04
3.127922799517068864e-04
9.457355540465617327e-04
5.735594263588106312e-04
4.061519978235256234e-04
4.287673701159205875e-04
7.281151163058136033e-04
8.345806298489105712e-04
5.593545901337731996e-04
5.649145900449015212e-04
4.050972879601766330e-04
4.904708572691651725e-04
3.688049637447510243e-04
6.988658608171605113e-04
5.551171003795180026e-04
3.188478839339092819e-04
4.640099320824958573e-04
4.614157519317457767e-04
5.704193497176740513e-04
6.687665565988931693e-04
4.837663470803887922e-04
6.398160279038472842e-04
3.288321878607280979e-04
3.847745116672962595e-04
5.854439868438199301e-04
4.416370813719733279e-04
3.790762115891826989e-04
3.917419552584289200e-04
4.832907095485838855e-04
1.079134626734506996e-03
5.810386142506146490e-04
4.210810016275351453e-04
3.607693812506251874e-04
5.628452660478705516e-04
3.731564597522912807e-04
5.276522458957932926e-04
6.586991799748947995e-04
3.017193323991418374e-04
3.242281595414175932e-04
4.018801563643037422e-04
8.893517520771054841e-04
6.228660309034184106e-04
6.342029420413619611e-04
1.364620496097868063e-03
5.122975090180170721e-04
2.936392393284026348e-04
7.711079538736953509e-04
9.341247136270824925e-04
5.745583466714720977e-04
9.383814775925369833e-04
6.297150255313030409e-02
7.033921789026170712e-02
3.867013422836219905e-02
2.887958321584421784e-02
4.506246238035115093e-02
1.590281664845213938e-02
1.123832826837266319e-02
1.521804667616817597e-02
2.318809422790475694e-02
1.185662034028428513e-02
1.195934660012185069e-02
6.587261319122766912e-03
7.481550789394053602e-03
3.536079590221008484e-03
5.491782782693743759e-03
3.281177454050640541e-03
5.488560416831489430e-03
3.430921467670045022e-03
4.143640853407792868e-03
2.365223501542085272e-03
2.924912039957400234e-03
9.557604480572856609e-04
1.730127446292945015e-03
1.004705078070849966e-03
5.135504585307981706e-04
9.731363280603838595e-04
8.955405708203773019e-04
1.310254276322878053e-03
7.964932175378025558e-04
6.800198252718964165e-04
6.626893559108504306e-04
8.926920570289931245e-04
1.649246664715650623e-03
6.449911473975222798e-04
7.366571684924022589e-04
2.219725907706776580e-03
1.393621785644699740e-03
2.714988407691520944e-03
1.567472512406437035e-03
8.000402846314452754e-04
1.111854504428452795e-03
7.246227074430844350e-04
5.187460851268227424e-04
4.372425833421567098e-04
6.586293537493431716e-04
4.966944809087214807e-04
6.012358210628065969e-04
1.059978761535101954e-03
8.296819259587390194e-04
6.288576850586313771e-04
6.789876344591300183e-04
5.168661415437814100e-04
1.542666397263220412e-03
1.051209694993879284e-03
2.420108702533507739e-03
1.848327443288222405e-03
2.265241888161406703e-03
3.242617768372840770e-03
1.815163147306037006e-03
1.218327806204538843e-03
1.033323107666045404e-03
8.889918531022333870e-04
6.377107140737720004e-04
7.483860338735048856e-04
1.983111178528521035e-03
9.397017767603793592e-04
4.689487495464633726e-04
6.828778481605124462e-04
5.080097378750841886e-04
6.553927154340499772e-04
9.690213896740573762e-04
3.833322916996506624e-04
6.523128435843295048e-04
6.159327999419872413e-04
4.510439417568790077e-04
4.819359658385508061e-04
5.319868444239178595e-04
3.023556186250442313e-04
3.987699145092393760e-04
7.888189851481680614e-04
3.617217135687134100e-04
9.578575209951561975e-04
1.108547692002900820e-03
7.431646011128306695e-04
6.231113278089422947e-04
7.517785763793832787e-04
5.151472597502981809e-04
8.617954129260529950e-04
4.928425178611639534e-04
4.809057918173792467e-04
6.096666622629198784e-04
5.017469663676638048e-04
3.909036634880264094e-04
6.937032974619061765e-04
5.353632093852145335e-04
7.371532839939992643e-04
8.748783877853827384e-04
1.081939835213860390e-03
9.749616147441547698e-04
2.077761786801621269e-03
8.066795297537732168e-04
3.836880355720939662e-04
7.786301162401865206e-04
7.888553505402268184e-04
8.254746068364349210e-04
7.423390674047569693e-04
7.600406116270996826e-04
3.756695642928992163e-04
7.883193605801586124e-04
5.042355884877225414e-04
7.275030703099427676e-04
6.084622503149811346e-04
8.002519907680250011e-04
9.782908667011480652e-04
3.581078827928629860e-04
4.104827045408876440e-04
4.956276670427528508e-04
1.373351328206609545e-03
1.305470764760938152e-03
9.513944919963962521e-04
8.452585504054865861e-04
4.101825952485954607e-04
5.228007883549823376e-04
7.672331639444196494e-04
4.366814910452265774e-04
4.361820385723330640e-04
9.836022621907553054e-04
6.082994873292668636e-04
4.789168663831694372e-04
6.759358191785885817e-04
7.570590263054621794e-04
6.285055366068437177e-04
5.490445782579955747e-04
4.288973822361430432e-04
3.143801013209407413e-04
5.087492060706633179e-04
4.159288249111492419e-04
4.787809971339984649e-04
9.484391041345158202e-04
7.439754423657074511e-04
7.428750117838972544e-04
8.967630042740065699e-04
6.519083562579325308e-04
5.309537540073155926e-04
4.793802527506829669e-04
3.108741143513504834e-04
1.225373417224714934e-03
3.194316344651698669e-04
5.573180869625354861e-04
8.895514539733195836e-04
4.459010627769488533e-04
5.950252760113516892e-04
1.142980030446563711e-03
5.645950159960111403e-04
7.506177057569063393e-04
6.864504457092385215e-04
6.515319125188212546e-04
5.738662932778526571e-04
7.823027155067635574e-04
4.637804527995725845e-04
3.625157798589490055e-04
7.672730003583372316e-04
5.051798040385802047e-04
5.726126900848088619e-04
4.617967465156830320e-04
4.893709789353661854e-04
7.615157396716615290e-04
6.525359904180072501e-04
8.335318821366399789e-04
9.321213424168806050e-04
1.303520770414262619e-03
1.519461034413277511e-03
7.251515086904303242e-04
5.810625780699046894e-04
5.803440986673624735e-04
8.663236033976257078e-04
1.002482734606513493e-03
6.456064393354637998e-04
3.857417880841762514e-04
5.424116693758113117e-04
8.602825123387725093e-04
8.036020838047969184e-04
9.640361105833217259e-04
6.286604577078747091e-04
8.200696673795609959e-04
4.133103310784008722e-04
5.536409854860341317e-04
4.596511754611509737e-04
5.257061396610751558e-04
9.999293141848969446e-04
6.251183267161064538e-04
7.157493917982343801e-04
9.948626697769552552e-04
4.326077184315657576e-04
1.098360216370081188e-03
1.016157696354338946e-03
6.686858848785892651e-04
5.889171665153236646e-04
8.019579117669040080e-04
4.332355196445814016e-04
4.928554135572443817e-04
6.194450267189566262e-04
6.462975945188270677e-04
7.862276506407361865e-04
3.122312653851266884e-04
9.721605764006491235e-04
4.598282765215372381e-04
6.956515650504424553e-04
3.811537669054232413e-04
4.739195201123175272e-04
3.087165921111523215e-04
5.733266648826063072e-04
4.430714562843746096e-04
5.425377930922820058e-04
5.316285524415986785e-04
5.717908673651822538e-04
7.716486673436800947e-04
6.328766268018232166e-04
4.757551780976282396e-04
9.745320465843337887e-04
6.029349623108415379e-04
1.062648512658206923e-03
5.043141931595773730e-04
4.345841197527094968e-04
5.714180909171390210e-04
2.796463520738923236e-04
4.529140328014269468e-04
6.821358908361968565e-04
6.623367871951418850e-04
3.746569117098474955e-04
4.089951797972418701e-04
2.023849217349105167e-04
4.217305832446144320e-04
3.192761365559682041e-04
4.290634031067497300e-04
8.782564621747507294e-04
9.045086427153514741e-04
4.677111378041248768e-04
4.218391981706814953e-04
6.453112853590792231e-04
5.729283987565281233e-04
3.794489765435171691e-04
4.698871915413405098e-04
4.799743033250813973e-04
5.121387188951470604e-04
6.937443485260097464e-04
3.416413104875698492e-04
5.638438571246573439e-04
6.429326641936017328e-04
4.510587258030607227e-04
5.067498624851118905e-04
6.610297497652434240e-04
5.734161740181403788e-04
1.863732387853714312e-03
6.303136760797550808e-04
9.009442660060790198e-04
9.342283896187630887e-04
3.939309638430199545e-04
8.574295518243152392e-04
5.494121612726748927e-04
1.235473706404310867e-03
1.259184736434992846e-03
6.817600005327439927e-04
5.079684572368708961e-04
3.656606393459688187e-04
6.738521544667752661e-04
4.469444794667348786e-04
8.521982849538922711e-04
1.552082442522167982e-03
6.985157038945921659e-04
3.707484688840745335e-04
5.209130656592952935e-04
1.109153742783336449e-03
4.188005665759914065e-04
5.107286321055781730e-04
1.073059529773878751e-03
4.322830843866698469e-04
3.738526523771601440e-04
6.891612198599017525e-04
1.189666284642690308e-03
4.933125474429478352e-04
7.549392025165413411e-04
5.502508573757836086e-04
4.231538358472897166e-04
4.735655797669102718e-04
6.326474062450515579e-04
1.979926673929405245e-04
4.463130112197788435e-04
4.201281210289981027e-04
1.057006034644855652e-03
3.640179405489524234e-04
7.107516109254030656e-04
1.167609975713163051e-03
4.652251082052222264e-04
6.331895945118071189e-04
5.770893897721618426e-04
3.090161849018252527e-04
5.271922845842130778e-04
7.765576253181555311e-04
7.576532302822486242e-04
4.040098299315575403e-02
3.907119034642089761e-02
4.580613318554335733e-02
3.569694602052134180e-02
7.854875417466863907e-03
1.477230757257999572e-02
1.306596153553071793e-02
2.115678605763154918e-02
4.006538128216621808e-03
5.067913601720430705e-03
3.678913212920159603e-03
2.407917016787983200e-03
2.505339191283262323e-03
5.074786797346297895e-03
2.578322599771296075e-03
3.300842259050182359e-03
3.010909496226898963e-03
4.029120566349408961e-03
2.395201754868792055e-03
2.022729104049394988e-03
9.604225119695108948e-04
8.832128309940179278e-04
6.861728412736328719e-04
7.862464283736464443e-04
7.450654924856248140e-04
9.696344925086697319e-04
1.623251281150345227e-03
8.215190460181681642e-04
3.705320053687954918e-04
8.324922254383942954e-04
6.422121210512971023e-04
2.124309150045883277e-03
2.116777889404231061e-03
1.885836201838964055e-03
3.495896200109177565e-03
1.874861903656988016e-03
1.135807855527304344e-03
7.449116367935770811e-04
7.801973820859842146e-04
9.856897638094025416e-04
1.262095975796212466e-03
9.810485175635874633e-04
8.809038298909638298e-04
5.360147853083058189e-04
6.872054171055963501e-04
7.630685353479382815e-04
9.705904610633475649e-04
5.916572131081931918e-04
7.640364772675128924e-04
7.192440316637488396e-04
1.088566096661053306e-03
5.691020203330982019e-04
3.609946457967944111e-04
4.744626149806863147e-04
7.639580906673854033e-04
8.195586621557171547e-04
8.461733691881440089e-04
1.698080141419644473e-03
1.627173024036102089e-03
1.049337300338473722e-03
1.705069568493519649e-03
1.039320539502480711e-03
1.050570437524739331e-03
1.389869831287415813e-03
1.455824060768801109e-03
1.507306885731640733e-03
1.350210869232329469e-03
1.109869097897106527e-03
6.672138083898826455e-04
6.609104844997881756e-04
7.901692822021300078e-04
9.158779477128342617e-04
1.022310285239511063e-03
6.210600603757665539e-04
5.556445787747721354e-04
1.023477937656322445e-03
7.757877828896975192e-04
1.181443579005125866e-03
7.745902379281965899e-04
8.229014725023853227e-04
3.747037252092993986e-04
9.076015683655985766e-04
1.590580107746722427e-03
7.023989880300673949e-04
1.063239838850621455e-03
4.135628209275821199e-04
4.578853178809072499e-04
1.080727401699427270e-03
6.085298515184356383e-04
5.304618584409115378e-04
5.750376939641643759e-04
9.477937988363882571e-04
4.501773673236675322e-04
6.211888442657770293e-04
4.864466372485054535e-04
1.033649876137285317e-03
3.883446822138120202e-04
1.429669722565946044e-03
3.848403324059057606e-04
5.552528731168071552e-04
6.970051168263408092e-04
5.724633790550048840e-04
5.056380567253493385e-04
5.688700597315521357e-04
6.402648747171613142e-04
7.872394148756151067e-04
4.369525121830641901e-04
5.142971102551907592e-04
1.237053518231737148e-03
9.895842315738034856e-04
1.061496958129903856e-03
5.215885735838782233e-04
8.837806667271741468e-04
7.647518536504083198e-04
7.103892958468527308e-04
7.626139180982732801e-04
7.855850991753954293e-04
9.482135512426798085e-04
1.061922398900405629e-03
8.100672581213969048e-04
1.067474502388018887e-03
7.409276118331697969e-04
5.032513931316900946e-04
3.859646488658108332e-04
6.340897892457841856e-04
4.398383080453788230e-04
1.070657900756569192e-03
6.924083847558160087e-04
8.606846440022686284e-04
5.855237307549054915e-04
6.570823999954011896e-04
4.111101037659603552e-04
5.249701471124051944e-04
5.039970347133770900e-04
8.575719605484477537e-04
9.748657403509247699e-04
1.060690889368429146e-03
7.729256016370672500e-04
8.926294605654250258e-04
7.205227467656644125e-04
7.697390037390561268e-04
6.642646639108129580e-04
1.858166026248553315e-03
1.819705393929060833e-03
7.918030728950448127e-04
6.448647586754924221e-04
7.370541369935978970e-04
7.225970849137897112e-04
8.175378987592685220e-04
9.523563307750337881e-04
6.296597779490709090e-04
3.235109180646095206e-04
6.435124849250711820e-04
1.582326536272743445e-03
1.477529196776253273e-03
3.082611764975845547e-03
2.235214856615347356e-03
2.148821323715494058e-03
6.164082407966314792e-04
1.119940311361367069e-03
8.564327662451548528e-04
3.711633472852915450e-04
4.481555632050160387e-04
5.127627917930616119e-04
1.025321682950677826e-03
1.305422079969018045e-03
8.596235494223863904e-04
7.339249375082484983e-04
1.644804236690042276e-03
4.017672859255722040e-04
1.975010993411074889e-04
6.327100672750829435e-04
4.291163740593184617e-04
5.273358628085644817e-04
4.700979706048075135e-04
9.110640979710232790e-04
6.329068113840874421e-04
6.531766374885117354e-04
3.681021788424498897e-04
6.768547958710541268e-04
4.055358328072661278e-04
4.145597875780393515e-04
7.280972348984310338e-04
4.287890955264328507e-04
5.896226787888286802e-04
4.344396726737587144e-04
3.067008614209554285e-04
3.534682238064273951e-04
8.391975180779137622e-04
5.561575914426186706e-04
7.337509244637052674e-04
5.944967017370433870e-04
4.722937085384071310e-04
5.638283053436554670e-04
3.185572387355839474e-04
4.242556220971221981e-04
6.769559026869320650e-04
6.631970953172583449e-04
7.953108106110579056e-04
6.909190507993351327e-04
4.664760603360351698e-04
6.143632330910392403e-04
7.127779419619784118e-04
5.681319478475638229e-04
7.164643120497610207e-04
8.834340556540531963e-04
7.631681083450359004e-04
6.262726499874221586e-04
5.630545188883562258e-04
4.287948373537242563e-04
2.692775260655089209e-04
4.501273786612081107e-04
1.160504974276277412e-03
7.381284260340736925e-04
5.621433440789885827e-04
3.480513434057641575e-04
4.825961657842769981e-04
3.266160559861064350e-04
5.159149527680928493e-04
6.496189197444796060e-04
6.805648512934747707e-04
4.863954120757213451e-04
4.623981744734523280e-04
4.060894881837834314e-04
9.928632889768668202e-04
4.663472339539315170e-04
1.070759309438132356e-03
3.048086783095649288e-04
4.705331483378094592e-04
8.374527915370189035e-04
1.303466037896300334e-03
1.307537164674868468e-03
6.218982785806820290e-04
5.692715072328075054e-04
5.127183248252870085e-04
4.884630981941279204e-04
5.366665112624957601e-04
9.262872450257753076e-04
5.509174393397570091e-04
4.325125301574139769e-04
5.503375958884060282e-04
6.415028049924775821e-04
4.562902971698701293e-04
8.052715306978708298e-04
8.469067181486600315e-04
1.406054530763201083e-03
5.519008909076611458e-04
4.522647943166896445e-04
6.128052748032714048e-04
2.580434088404748305e-04
3.257540546186959984e-04
4.061119940645258053e-04
3.389904730825288315e-04
4.975833406238583390e-04
5.859643009367421218e-04
5.541198283101761435e-04
4.129379658765613970e-04
8.075108433922562057e-04
9.716277020673375064e-04
7.209549481079907673e-04
5.663873353883575046e-04
7.786066979312972203e-04
5.940398229120485984e-04
3.994498603609591969e-04
7.927074132215300439e-04
4.625192212237283496e-04
5.135498300368052105e-04
5.282024511506916431e-04
1.034007333477054980e-03
4.610043658497542385e-04
7.068374577306052453e-04
6.953721537577839396e-04
3.374272860058175061e-04
7.701044017655450658e-04
5.678773930608421727e-04
4.733699729971424519e-04
4.516380232575945008e-04
5.120655622058850609e-04
1.476333797082951538e-03
8.133448213524935300e-04
6.915652011786621589e-04
7.316834107886083238e-04
4.121091064453741293e-04
8.334045047176663612e-04
1.022207979436681735e-03
1.385282337878351866e-03
7.667152867989468490e-04
4.429683947876489336e-04
6.158813406654112255e-04
4.319227820185206346e-04
6.390808374735351682e-04
7.590498665811795664e-04
4.392459121547315215e-04
2.947351666079400800e-04
7.444171311612179931e-04
1.210973801040043929e-03
4.482610341056125769e-04
3.692732777047097459e-04
4.659164238645097100e-04
9.209062086838609718e-04
6.301444546593029661e-02
4.155315190513902968e-02
4.469275033112500572e-02
2.939077160684538947e-02
1.339126520112002283e-02
1.413451048296317236e-02
1.592138590494918127e-02
2.677649233947289320e-02
6.038251961942728285e-03
6.446233723522210024e-03
5.881991332380431814e-03
9.131781874204922267e-03
8.702079662146672279e-03
8.657377719398201554e-03
8.976353023191871450e-03
6.294023527779857297e-03
4.776278438779674174e-03
4.211311514343910045e-03
3.961337368974165996e-03
7.900074649213092992e-03
5.483942979708625320e-03
3.964380297563824262e-03
2.596179819688126944e-03
2.703527354106782798e-03
2.489828786667855343e-03
1.598369709788063919e-03
1.114334852604648152e-03
2.007372873179633088e-03
2.357432389688385310e-03
2.539485906400656967e-03
3.200748384792451162e-03
2.458358210138233968e-03
2.122312364654196926e-03
2.737972675491820440e-03
1.578796431556103719e-03
2.099975169692874788e-03
4.313827709163470248e-03
2.928062045410018133e-03
2.721543471117804369e-03
2.705038488898844906e-03
2.121189004284651514e-03
1.564305405204816091e-03
1.966257575541668912e-03
2.240537586853386109e-03
1.566121257101316111e-03
1.143161606588019574e-03
9.711440882282651454e-04
8.235161791486228511e-04
1.186107962336216404e-03
1.102623819022166551e-03
1.101993774762513589e-03
1.071597100268134595e-03
1.076667246868487360e-03
1.446131693165375598e-03
9.543625722883974927e-04
5.585148760602204332e-04
1.098376812246490419e-03
1.575149883622339875e-03
6.578415740912391119e-04
1.205089541318635216e-03
1.965721456517827148e-03
2.462167108761598167e-03
1.450974454910047839e-03
9.094737400210939349e-04
6.576784499528476324e-04
1.645778343402681809e-03
1.827131136981643977e-03
1.323586849878627403e-03
8.246431600737180734e-04
1.642042171004623463e-03
1.019885417656740678e-03
1.226539046684765877e-03
1.168244024988829288e-03
2.231075722860340060e-03
1.524304773459217444e-03
1.081268909390920019e-03
7.313630858604425189e-04
9.462093850991781796e-04
6.221650811523427027e-04
8.618961402515890047e-04
5.771905859618536860e-04
6.783761899819551466e-04
1.306088795662505020e-03
9.066480251246067379e-04
9.312025599396145381e-04
6.758104326446273680e-04
4.703887164961839673e-04
1.033739391768526139e-03
5.055957250818254867e-04
5.694859560703979806e-04
4.791121017187621733e-04
9.795389340901405895e-04
3.532024028964630968e-04
3.541053015841955087e-04
1.224053592084786701e-03
8.662128320664208569e-04
1.584626772718283894e-03
2.869429587373878432e-03
1.538320393162026511e-03
1.943560227060506240e-03
3.175985104309192453e-03
1.791162567242432502e-03
2.785714953433063301e-03
6.733373330455455497e-04
8.499089198629045105e-04
1.143796982743777724e-03
1.124420597212252848e-03
1.040795077173611860e-03
4.543144490206929564e-04
9.751320301683019665e-04
9.771431085863757637e-04
2.123912267596769765e-03
9.341466374281764962e-04
4.025751749636291565e-04
3.884321714797689395e-04
3.416045023186126128e-04
4.813543796711589051e-04
1.197718141174072826e-03
8.661713667790227333e-04
6.662372338553101958e-04
6.378727593071981117e-04
1.310515048790913961e-03
2.454975836164580150e-04
7.198162412573733127e-04
1.016685906250258675e-03
9.592726098639481336e-04
5.738518904787881514e-04
1.216565440103178908e-03
5.504651720342895738e-04
5.667451172025883555e-04
4.122745178347098083e-04
6.319712019820927784e-04
6.546707008619062629e-04
3.222296520752065963e-04
1.586936598622010197e-03
4.466841158045076199e-04
5.553973113235632919e-04
1.034589886839701323e-03
8.229427889666490747e-04
8.469811517165110049e-04
1.365193457150040701e-03
7.838617414780979509e-04
3.117759723146318329e-04
3.772490136402101291e-04
1.214819972306782625e-03
1.255242451513760571e-03
1.487451111318871533e-03
1.414487521723462038e-03
1.585695128540912102e-03
2.480511098037485596e-04
3.352310712411155080e-04
3.428652750318422759e-04
4.623027222813713699e-04
6.795948739224122459e-04
4.841327482782431524e-04
8.259736245865706428e-04
4.653319099583025364e-04
6.350596773625760694e-04
6.159473285380356877e-04
4.078266118532625217e-04
4.031328957398716550e-04
5.950221204822636611e-04
3.812752540352515318e-04
7.146776795743658983e-04
3.302966710831828356e-04
4.283756634337054781e-04
4.475261013206083271e-04
4.497289380032409856e-04
7.143732683603382094e-04
6.327235203607006753e-04
8.549036543142457534e-04
1.778179691438050436e-03
7.414415251193323675e-04
4.712767593875177852e-04
3.674649768283522189e-04
5.063171236856373048e-04
4.286049272582692637e-04
3.940977042970333910e-04
2.843753562310202820e-04
9.283335231583811353e-04
1.101463520104511984e-03
6.673551088425822009e-04
6.243127910219303800e-04
6.163208872413394879e-04
8.962452006165966267e-04
5.396074839086884012e-04
8.106542670247296467e-04
5.238219334780108705e-04
8.822005468864524413e-04
3.521276102000925334e-04
3.106107510351813206e-04
4.916459550072527218e-04
5.484832045639931319e-04
8.678429543076821018e-04
6.469858270046063842e-04
6.275215009407947298e-04
3.865362137016048472e-04
7.471992092773216410e-04
4.425229093025090377e-04
1.074433411916445036e-03
5.821803841183359474e-04
5.803983117739219821e-04
6.053611421170806972e-04
6.486537934391328752e-04
9.818498737956538047e-04
5.549418642904618837e-04
6.977621809934192454e-04
5.647698255855509997e-04
7.610676836063701156e-04
9.166022584895516800e-04
7.405322790381141385e-04
3.756348043180701701e-04
6.021932590358630710e-04
5.072541625758125727e-04
2.335332813945961705e-04
3.703093702580040336e-04
4.207631837405689801e-04
2.613319212507597689e-04
7.024896624158727398e-04
1.302968571377932649e-03
4.152036961501126555e-04
4.743106858771523049e-04
6.671182915326950846e-04
4.367549952070948205e-04
5.741930691260388464e-04
7.101190758033171235e-04
3.059470568576444505e-04
6.358335275286064459e-04
8.381130551726040379e-04
2.408005035490073942e-04
3.449523676135879402e-04
3.679249082208652100e-04
3.043504862511314801e-04
2.668151875458574240e-04
7.095927794874001826e-04
5.013791519040966538e-04
7.740011799211160559e-04
6.907201488728781369e-04
6.686241364910749940e-04
5.497791107081512196e-04
8.984921483006086396e-04
7.899366318096928685e-04
3.610034146852569847e-04
8.315035498700357186e-04
5.776008090731948874e-04
7.873155798843456399e-04
3.250942431525516430e-04
6.480487438953186352e-04
4.708775298417483546e-04
4.006373772857257931e-04
7.308845039570854851e-04
5.933939744047767029e-04
1.034143100832787820e-03
7.509699364194183380e-04
2.815311906085304905e-04
3.235935534780798317e-04
5.302854596697242906e-04
5.324665219281488060e-04
1.255223250869810792e-03
5.369350352295854112e-04
1.865701890663984397e-04
7.339270469242237249e-04
3.654287204164635705e-04
3.561280917762227327e-04
5.374593801077964805e-04
2.418879371047510940e-04
3.952166132191320402e-04
8.516919589131033419e-04
2.530445511173817774e-04
4.364828023039335481e-04
8.509404604354620094e-04
1.257694512992985070e-03
7.400761848193604386e-04
2.830166361125763252e-04
9.150778245248375464e-04
3.141516951416373216e-04
3.377867312861909666e-04
2.558461963610980661e-04
2.448855711656566791e-04
5.010542849223642570e-04
7.311707809511125422e-04
7.240146059715735216e-04
1.384438784827052293e-03
5.786160318597827201e-04
3.196233894031952349e-04
5.023048120632450653e-04
7.879729293824994096e-04
1.370758936068028344e-03
2.800078345016471237e-04
6.703142515186999439e-04
5.656951517375996552e-04
4.426922950215017583e-04
5.820251589999797526e-04
3.134920030494064980e-04
2.748877631761209583e-04
5.197700406044114541e-04
3.930988560504056206e-04
5.113464236732867541e-04
3.446783189882951515e-04
3.542154877753111997e-04
2.827843563688933748e-02
3.135985392117868198e-02
1.043238853271577504e-01
8.759597858050140184e-02
5.700680704525976084e-02
3.543867058471568410e-02
2.376626989860901318e-02
2.081901596625533590e-02
1.255415042245708324e-02
1.734809798297484718e-02
1.047980635891246348e-02
7.214700657689102070e-03
9.339265404034402529e-03
5.972423016525313377e-03
9.226080601169264761e-03
1.391158634751624157e-02
4.071809057042954927e-02
7.060923155623580194e-03
4.474287803043749956e-03
5.051476115287528712e-03
4.682140049802691051e-03
4.019421799631800463e-03
4.236433346700305136e-03
5.277075485398269317e-03
4.499287681194300004e-03
5.223156081485685887e-03
5.960621394422147001e-03
5.949422874335391631e-03
3.811135477834057261e-03
3.094597044128288843e-03
2.639829441675067834e-03
2.828653252846383137e-03
3.060388165961408502e-03
2.414263582960735066e-03
1.071314462563269232e-03
1.791443662297026451e-03
1.198318930452080266e-03
1.702368909851051382e-03
1.339912958550210087e-03
1.171721307195949802e-03
2.278624772356172001e-03
2.244562663658591917e-03
2.833377515291987669e-03
2.411743787338979650e-03
2.423975063389094409e-03
2.755808622255023765e-03
2.393133913594747142e-03
2.753247165549616016e-03
2.387438418939250018e-03
1.858229665003457987e-03
8.858303584445420542e-04
1.742561059546177127e-03
1.110352842650902394e-03
1.254750309571811551e-03
6.326269286997393548e-04
8.550206240590663143e-04
7.273979901617905197e-04
1.058387581235276098e-03
1.357963673178655406e-03
1.017674580620950286e-03
7.241336840748124892e-04
1.029746007261869711e-03
1.028870877799514805e-03
1.085310314509341234e-03
8.850566419644489979e-04
6.969428354568762973e-04
1.002249761950388396e-03
1.011413849739323245e-03
5.373872801568702062e-04
4.575453023388242890e-04
8.354638197137359557e-04
1.424821087146074805e-03
6.156073807208062298e-04
7.215997612252250670e-04
1.227427896450097866e-03
5.930990330733632021e-04
5.377774092784060045e-04
1.105672467663826319e-03
5.670335201090892507e-04
5.495834161695356546e-04
6.792981393086011677e-04
2.207612874399508818e-03
7.205557256898115215e-04
3.797531444260510147e-04
1.162220867883478892e-03
4.356862308266679085e-04
7.677995019452488190e-04
1.053709768866123442e-03
4.566318509930389347e-04
8.940691496285846362e-04
7.252522462730531805e-04
6.419377607867204905e-04
5.637474339820758296e-04
5.116581795515384723e-04
6.619978267330406396e-04
1.054065609643925483e-03
9.771077080870105291e-04
9.986070724031514967e-04
7.404775952486730706e-04
5.465329267508034494e-04
7.098689418391646022e-04
1.000711575188883984e-03
5.020322956503231460e-04
5.929577250142342715e-04
7.457973032019560300e-04
5.743729157760557591e-04
4.807986540782682727e-04
5.694392688385951917e-04
6.504150393516067163e-04
5.358232491115139107e-04
7.799185731041657910e-04
8.459442755160834215e-04
1.084831179194889472e-03
4.004078516970099866e-04
5.548124725900799303e-04
7.191006664203775101e-04
4.258846007543504175e-04
7.210692724031741996e-04
4.709716064742047736e-04
3.682284191263013318e-04
5.114587573235712670e-04
1.480645496017798934e-03
7.281170219987642689e-04
1.101090044101610266e-03
6.701426923254455437e-04
5.743764991529842767e-04
1.217232771225290611e-03
1.126934109168642451e-03
4.002095810107797469e-04
1.296887136847640898e-03
1.233798385771228689e-03
8.084561732538825263e-04
8.272493512186118725e-04
6.902266432486647840e-04
6.145286029288488105e-04
4.284129592583008073e-04
6.241490395884063958e-04
6.684067546936789395e-04
4.969737869676693620e-04
5.281821260849361988e-04
8.948722047525947687e-04
4.088568677389770034e-04
6.408619925449832166e-04
7.898861358483361128e-04
4.241410814530138795e-04
5.717358522165510992e-04
6.472975658610852223e-04
4.232091255869790958e-04
5.303535488784399954e-04
6.908894722655462006e-04
4.356908781203427949e-04
8.060333351139342684e-04
3.759043011395957201e-04
8.789252905722910736e-04
8.390127718191364714e-04
6.146053138770674051e-04
5.355542692986187125e-04
7.876799666126782506e-04
1.153388875622510246e-03
5.370910369542070129e-04
6.525401001861302897e-04
7.411044274228673068e-04
8.765308753708178635e-04
1.194020223409919534e-03
9.693457317127562867e-04
4.874778932445200663e-04
5.132325489579370181e-04
1.183316356346747478e-03
1.071710490144761607e-03
8.272160273965767363e-04
8.511542191976251281e-04
4.472140192501583567e-04
5.070745418443572960e-04
8.223334396627868248e-04
1.068322552069178588e-03
5.392069567781293538e-04
6.556669693132399779e-04
5.913133266210734984e-04
5.093696060445018770e-04
5.734104953022262086e-04
6.743320788765438945e-04
4.838934112414844391e-04
6.093585011181512634e-04
6.529729465324374260e-04
4.959364473066385504e-04
5.111731746397785159e-04
4.783309160643206548e-04
6.374190249403277608e-04
8.775306054467912897e-04
4.046106940482907532e-04
5.118679603634268549e-04
6.769413786544831169e-04
8.045197296703970880e-04
6.618471384306767735e-04
6.004007044767417645e-04
8.302467197514734609e-04
5.381441720981733345e-04
9.111611213798442854e-04
5.672844696958945221e-04
2.767124377753421571e-04
3.809111516498708827e-04
5.024021054846061762e-04
3.146055028318966995e-04
4.711069883689550375e-04
4.758639143958021123e-04
6.904074556640382720e-04
5.114858610975464570e-04
2.902004495800025730e-04
3.597493752004327083e-04
4.990532871588515551e-04
8.981695048993210140e-04
3.018105864749515144e-04
3.721836996336824743e-04
3.928789463339410482e-04
4.351936200854278347e-04
5.326436089775621330e-04
4.473729785592489572e-04
3.516511430517871295e-04
4.706736906416875144e-04
4.932414037891463821e-04
9.558952852715268955e-04
8.261518782733123789e-04
4.664907733198525586e-04
8.287275929267090557e-04
1.421275854500081426e-03
5.914128275071872665e-04
3.122378904380218589e-04
4.771074685540194205e-04
5.887003350255326506e-04
3.452451385261984251e-04
4.857795033049033817e-04
6.573835738449412824e-04
8.898212919061926351e-04
7.415133155763697914e-04
4.719894270894531285e-04
5.927760381790880828e-04
2.585783517196627024e-04
5.805825324076974159e-04
3.752218803395740432e-04
4.701835303875384620e-04
5.791649837914580878e-04
7.112716070448860117e-04
4.468716211330353572e-04
8.242230459968302725e-04
8.566116502992521253e-04
8.062315711815509767e-04
5.363432885921726179e-04
7.970842787476395408e-04
7.148317238904328130e-04
5.649833957612343527e-04
4.152070827664888775e-04
5.317895160899810403e-04
5.064301548815819398e-04
5.411178909933145320e-04
1.231055177608131324e-03
8.555499834265734016e-04
8.636184171072480709e-04
7.467133740429870992e-04
5.912148346396556287e-04
8.691626450412215377e-04
7.672019748303920972e-04
7.165738031476437397e-04
4.021901243245334934e-04
5.409322791036230704e-04
3.264312188874657350e-04
3.840489175661737642e-04
4.068860791063971805e-04
5.063498212435624257e-04
5.628160535039589130e-04
9.850610687416327949e-04
5.457207653124795943e-04
4.787099849458409384e-04
3.930641846665028361e-04
6.469124166790518604e-04
3.455890901475633381e-04
5.363580337903323114e-04
5.960044240675699267e-04
3.953794604715649141e-04
2.170611354965074069e-04
7.848965631267051934e-04
8.276789648396232213e-04
6.781895742903054636e-04
3.254271378151790683e-04
3.474974019952170590e-04
3.565605239096020229e-04
1.740073943346243102e-04
4.031162872839277878e-04
3.665764581105707132e-04
7.404427258737855677e-04
4.912640057699591001e-04
4.758508450896092867e-04
5.765249980582282108e-04
8.041107811320447052e-04
1.045985287744299885e-03
5.933047299065824509e-04
8.191485760564026775e-04
3.461325851021324063e-04
5.649730276537923146e-04
5.211723199917417393e-04
2.500346979640577505e-04
3.389531092584163741e-02
4.171402440134394651e-02
6.400519411799986125e-02
4.128120007452940055e-02
2.766813625252262376e-02
3.540313888670973408e-02
2.950793630948145285e-02
3.238763484872034248e-02
1.849551887860782784e-02
1.358206890346443096e-02
1.227032173747352739e-02
1.872174148462629750e-02
6.861043350245524253e-03
8.981988969109580556e-03
1.211366669869853863e-02
1.050442858914041322e-02
6.019550690911645852e-03
6.533130372311388157e-03
4.193831870791822625e-03
9.863407535090296108e-03
5.007889860000586113e-03
6.947058136082845392e-03
4.305380528830782261e-03
4.838013319260661693e-03
3.832987065706727758e-03
5.124547741577736848e-03
3.577939996076570650e-03
4.306813185992311444e-03
3.227966978849944324e-03
3.070284004263373889e-03
4.865333464755344783e-03
4.227914280926003965e-03
4.674387779068464588e-03
4.621930909768465212e-03
4.881230703248473635e-03
4.501373518207979485e-03
4.390173895192236997e-03
3.561393231258661030e-03
3.338546839261893884e-03
3.264143864861623889e-03
2.262051750544002982e-03
2.333497760721073289e-03
1.906409688170990213e-03
1.751760706825561398e-03
2.189661986819441131e-03
2.260231816292646023e-03
3.166874284678211637e-03
2.553167914037507424e-03
2.505417329834891405e-03
2.631896652195847564e-03
3.035369812165650272e-03
2.708858501558747411e-03
2.803354758579276740e-03
4.689221747535318729e-03
5.665601370047040897e-03
3.628100068686676560e-03
2.196132230971356569e-03
1.640155692073846927e-03
1.772638238751123030e-03
1.867756469752221427e-03
1.194982181759840500e-03
1.940078494558461486e-03
2.152179524240016573e-03
1.126670550761349476e-03
7.810282307850469063e-04
7.768625316228461308e-04
7.192290291427594351e-04
6.212648341558935083e-04
6.989149361906199509e-04
8.111436258933096832e-04
1.324636221912048328e-03
9.718180851521901475e-04
8.690380327291830076e-04
1.011641540632532421e-03
9.979070812753398911e-04
9.303063500660374574e-04
1.163030145847662733e-03
3.138333105883531204e-03
3.708419417686681374e-03
3.302740630047026893e-03
2.747244743104712561e-03
2.360244475601430691e-03
1.144317534085240173e-03
1.988699590660655825e-03
1.100819566112951065e-03
1.996562611561142342e-03
6.770815410268721246e-04
6.758718264683327703e-04
7.776983072918380868e-04
7.961221303393883897e-04
1.419071982375688656e-03
6.276083436348167677e-04
6.616444848102365217e-04
9.395917394066644057e-04
9.780482741680862624e-04
9.129780209752719200e-04
1.509935674896711877e-03
1.061307214114529107e-03
6.928040850113503790e-04
1.057571155026498788e-03
7.127903406861091362e-04
2.900173382927306864e-04
9.244079233564905795e-04
9.043071666961083332e-04
9.931091117638679577e-04
7.677630806024321464e-04
9.987499528884141720e-04
1.088225804127193608e-03
9.809919500151642602e-04
5.098990350988485964e-04
5.537843903502537302e-04
6.405261846244847401e-04
4.404839929740000937e-04
5.205981772494067128e-04
3.440430284060436161e-04
6.070723136061273451e-04
8.511614169851716705e-04
1.253933810845792030e-03
8.814246456842478317e-04
7.937088008535542194e-04
6.883898221203554879e-04
4.308162300018791857e-04
1.298038249318372861e-03
4.535495445385784308e-04
9.743579724083711868e-04
6.534355395250435183e-04
7.586311061332090544e-04
4.024721957760352131e-04
9.289194346256274271e-04
7.355414697151896330e-04
5.697276738505230309e-04
5.735351301679875169e-04
6.266358341118216657e-04
5.475398730758890276e-04
4.837286322762618385e-04
5.428175580349525742e-04
6.675700425398528592e-04
4.520895563669968809e-04
3.736525727544293130e-04
4.140475660221742960e-04
3.954799104633893725e-04
5.086186841894574373e-04
3.891594579434470846e-04
1.170154435187420461e-03
1.414099446136199423e-03
5.140646307998236741e-04
8.827431552792530667e-04
5.057702496460703134e-04
5.865201522567975445e-04
6.488381768439827058e-04
4.879402416538419773e-04
1.335074699541582977e-03
5.265717384113632882e-04
6.462673996307510826e-04
3.578405840998361009e-04
2.492375400222623938e-04
8.056476891839386978e-04
9.885083863448301811e-04
1.221119463757441848e-03
9.429012148376714197e-04
1.399354993429996474e-03
2.512955359824181611e-03
1.155877904063851158e-03
6.384774294841966125e-04
5.583191244516866325e-04
6.569660004602378978e-04
4.937906615228304652e-04
1.389609522460241720e-03
5.951308786474457380e-04
4.410016777008918254e-04
4.484347661653370620e-04
6.498479404124096748e-04
4.611020687303041266e-04
6.893504939396027931e-04
6.203801652773788256e-04
3.760958346711862355e-04
1.586415637355675923e-03
7.421953689005916788e-04
4.218418333360729466e-04
5.345253304757102697e-04
7.290375299157381139e-04
5.134414182029617413e-04
2.648334128289991929e-04
5.242896186727630248e-04
4.246326295580804544e-04
4.367064028500816653e-04
5.599377406704519888e-04
3.727226335235728216e-04
4.594468132249202030e-04
3.987609769527666881e-04
4.831847117997417618e-04
6.976310316343381501e-04
5.255932561725462637e-04
3.134520541389629322e-04
4.068154947011459743e-04
3.059751624174822382e-04
4.601024942519627015e-04
6.528535046422256904e-04
7.564688454757689806e-04
1.282876017140693881e-03
9.343802067594275673e-04
5.667392304689461424e-04
1.358091426745658414e-03
6.672672546745861410e-04
3.518258805596530259e-04
8.424040977599162039e-04
6.576123855589477429e-04
5.460113737851962634e-04
2.731628706649502636e-04
4.900558268246812954e-04
7.701240844106005401e-04
4.500667114931411472e-04
4.329240527505273661e-04
1.323741661437921602e-03
3.316845482981140014e-04
4.368764770427274735e-04
2.735275193707781272e-04
7.171651608353646346e-04
5.476343057881777332e-04
1.242158081427136018e-03
1.105639426875040798e-03
7.789198740874997418e-04
5.551096104066677306e-04
6.879430768576277888e-04
6.568207701609235505e-04
9.934679210921865122e-04
8.170123787670791060e-04
8.272432449334954363e-04
5.674077902972363141e-04
2.565792466812238937e-04
9.503740535575233572e-04
6.902270006932526014e-04
3.455754296178698004e-04
4.439596376503707198e-04
5.971621583255315446e-04
1.688650150902387681e-04
6.800129369756852116e-04
6.158022510044658393e-04
1.326919536724119331e-03
6.168806374484414601e-04
1.093374816976161457e-03
3.924577275291468714e-04
2.280575341209178930e-04
3.671989636239159083e-04
3.085896449534497599e-04
2.856469488103502430e-04
3.358763397318803579e-04
4.260597996606219073e-04
4.802384328103925792e-04
5.320688750927726751e-04
7.299822352957452409e-04
4.196050330171341436e-04
3.866943190769800420e-04
3.425095541623596196e-04
4.927274854957391925e-04
3.613454400437920988e-04
4.415688153415614492e-04
8.310432918527677071e-04
2.866002371477716082e-04
4.069635409600508291e-04
4.069242312197962619e-04
2.912707067215108969e-04
1.493877933327683594e-03
3.604526159865784063e-04
5.679352804209281125e-04
5.051934382693940018e-04
3.498959920559679970e-04
4.655043494912330937e-04
5.512627061594194133e-04
4.946006493666693649e-04
4.795643300593427361e-04
4.485355379048039381e-04
5.352768274552166528e-04
7.761214846031400105e-04
7.573732965831941888e-04
7.140961361410125274e-04
6.906893610173492348e-04
4.797895829037196469e-04
6.767230152530251397e-04
5.690313684853925968e-04
3.736232983692772125e-04
1.179432056380186333e-03
5.894103405752609826e-04
6.358432928281060326e-04
7.699400632894259910e-04
3.115815776617569810e-04
6.198801264543918332e-04
7.222178561114428463e-04
6.308667995056360667e-04
3.288018059357383782e-04
5.418847685795813440e-04
2.491151594575247152e-04
9.130722335081997709e-04
6.449483476731188158e-04
4.638582928834789065e-04
7.167513401604014289e-04
4.553474433564713708e-04
1.266599863909978474e-03
5.621872597315752396e-04
5.182675625224758553e-04
6.354565250830593315e-02
5.648788340571131439e-02
4.418382977540594170e-02
3.343014388902426637e-02
2.863606807503304985e-02
1.760063025592660535e-02
1.508324896701954132e-02
7.538597635008331688e-03
1.077913065283073180e-02
1.060052613639979324e-02
2.646771233079146801e-02
1.092528313773344362e-02
1.305746201076443680e-02
2.100347229677751448e-03
2.231557321551863593e-03
3.229308067242572799e-03
2.040415409144749614e-03
1.613859727829444757e-03
1.248965909093083249e-03
1.307820404978982110e-03
1.678077711115263937e-03
4.772943231113685458e-03
5.892492039048527475e-03
6.215268777701121738e-03
3.953898984887835311e-03
4.136051414531508041e-03
4.541449053862348095e-03
3.910609895561634186e-03
1.747929609381568272e-03
1.418260129561435545e-03
1.396355702157153766e-03
1.491777956835776964e-03
1.321785446692216870e-03
1.589683068041164438e-03
1.414236958852857495e-03
8.980948667918070560e-04
9.299335059744784360e-04
1.419011955184262819e-03
1.083922743484344586e-03
1.081643364381823513e-03
1.494473650122910002e-03
1.183844339781497945e-03
1.069691832957520017e-03
1.090172939633343718e-03
1.192239395839456151e-03
1.050931823948358934e-03
1.657795911517989662e-03
1.419076286321513392e-03
7.172995324655206950e-04
9.360431629372167883e-04
1.038935834833012994e-03
2.499855849375953731e-03
3.671508282852647964e-03
2.715180444710738050e-03
2.608076020010952067e-03
1.151810160772814839e-03
1.318253519314194211e-03
1.308350915367725853e-03
1.129555481675370565e-03
9.185087949582781963e-04
1.242721308067198938e-03
7.944779692779929681e-04
1.234740909752632398e-03
1.321342217287094223e-03
1.482461202475499062e-03
1.355971953028348165e-03
1.781400705927235761e-03
1.110419637504411750e-03
8.901700117179695004e-04
9.538195442868602214e-04
9.840104972081570311e-04
8.626275301080316149e-04
8.077701954688071284e-04
7.369971202778463626e-04
1.186816834871290416e-03
1.306244736997252964e-03
1.150156832801507711e-03
8.291578579243397140e-04
5.110470927212618086e-04
9.303093100158088546e-04
8.800725052308666640e-04
1.008522752190058047e-03
1.194677786645170769e-03
1.649925734102067332e-03
2.201892819857470540e-03
1.485682997761722524e-03
8.129321815364132231e-04
1.118130129616229373e-03
5.654714549545719615e-04
8.031974914657624698e-04
7.808813925266749889e-04
7.317848740660548579e-04
1.085768741712164753e-03
6.689453830646258092e-04
6.236521487644475226e-04
1.216549504585454078e-03
8.623158490897037121e-04
7.732757002426038362e-04
1.664153630788839378e-03
7.350449725965491066e-04
1.090781536544335739e-03
1.064818774572248716e-03
1.189520380108527453e-03
1.243850650899158694e-03
1.257571434047588532e-03
1.586195423378344849e-03
1.015406880335870121e-03
1.361661930661950404e-03
9.518542497298498883e-04
8.691888971063266300e-04
9.686697627783458220e-04
1.243099024315560963e-03
9.555293832433642276e-04
1.375462196280111127e-03
7.382456409068816061e-04
1.297647002912155623e-03
9.925102771450866612e-04
1.275376477430117950e-03
8.323869221916191385e-04
8.579527342675585810e-04
4.543643343510872512e-04
1.019485603502748305e-03
9.469433599721965855e-04
6.403055696666409835e-04
5.501854436913422575e-04
1.333493947338976193e-03
8.811139453402255795e-04
1.096642911349046678e-03
1.076382248917415185e-03
1.018586615836952758e-03
5.656329392488418373e-04
7.048214516361672732e-04
8.707389248887170696e-04
7.394795793020797481e-04
4.710886151356868945e-04
7.142672805785232892e-04
1.080025879086052298e-03
6.595294878916635462e-04
9.034494049726810028e-04
1.410502505923408312e-03
7.065054522234076595e-04
1.129313809088400289e-03
7.411691084108218419e-04
7.377854470482364535e-04
1.000207320621601670e-03
8.803880310778722240e-04
1.402461690075462730e-03
1.136586328946753710e-03
1.416359719789067606e-03
1.604317357132845068e-03
1.248658378534092672e-03
1.195100212490307623e-03
7.168150720605059867e-04
6.038625556785415238e-04
7.888980562282127407e-04
5.124485147980778477e-04
7.258583294055542812e-04
1.167496941947565592e-03
6.250860420870113510e-04
9.267473705290574237e-04
1.039126272958462716e-03
1.028007742580758221e-03
7.306328180153726093e-04
5.890514312048844570e-04
6.286692283079126087e-04
5.012883695213743440e-04
1.013801853167572986e-03
8.131332641885813395e-04
8.626319359801293274e-04
8.409272929418981635e-04
7.991756664364468854e-04
7.318721437750419501e-04
1.803917311115538213e-03
7.575067446908417823e-04
1.334579206436439791e-03
8.395023744434682023e-04
1.028139135617750499e-03
8.096536934807524455e-04
1.218066733258374446e-03
1.112706637239418983e-03
7.583907172723641787e-04
7.185861380428620881e-04
4.979723217872350505e-04
4.208006374387257553e-04
5.574441130516138987e-04
4.598646654271898448e-04
6.672278691805810791e-04
7.587662292279084841e-04
7.533749335165568217e-04
5.233543392364203850e-04
4.411793567728888865e-04
7.946485480514742239e-04
1.670047206420458008e-03
9.000234764976466906e-04
6.016388403389388850e-04
7.753036852072431317e-04
6.120266301150451005e-04
4.494496144289844564e-04
6.991696483232556769e-04
1.264532498964771046e-03
1.630162734840359673e-03
1.420360301577688888e-03
5.855336779000686054e-04
6.453250914888741807e-04
4.694175840041919789e-04
9.459514348655467808e-04
7.951069123765808211e-04
5.266626665051399314e-04
6.566848627457266829e-04
6.018779584029965157e-04
7.973138604918800221e-04
1.018579384967743806e-03
4.948027548429823064e-04
9.049622866487555539e-04
6.502475246697031475e-04
1.422242934868298003e-03
9.256171300338067454e-04
6.419529179227528859e-04
9.171005289769773583e-04
1.035064568667684592e-03
5.424300799487247193e-04
8.721469881035198712e-04
9.775645340560912278e-04
7.408411503340150972e-04
7.760750191029980316e-04
8.353408409489809783e-04
8.235863940996568378e-04
6.376328942182263315e-04
6.686898890045089860e-04
8.739341482557477780e-04
6.550266669326648694e-04
5.092573252721416255e-04
3.956337409000976191e-04
5.890851760114168556e-04
7.630896706636719484e-04
5.796243092438257971e-04
5.687526221740402121e-04
8.651863413524918389e-04
4.656618566596937292e-04
1.034458236013530152e-03
4.225530748520889279e-04
5.281157031182259765e-04
5.862145102796118001e-04
5.173927643815912081e-04
8.632778801136442581e-04
9.679963909126898525e-04
8.919507187846315022e-04
7.395911774286528795e-04
7.452405069198753118e-04
6.441071462073011400e-04
6.490645095509756102e-04
7.793586939381924594e-04
6.489115667130118670e-04
1.280411461765912362e-03
6.771168297712570894e-04
2.119237584405256336e-03
1.017256029772206638e-03
8.947989145626222829e-04
7.740187140714560599e-04
5.381513559794826040e-04
8.856898031140564287e-04
3.894977559799617239e-04
9.217958653776059386e-04
9.339560815651848369e-04
5.117051942330058667e-04
6.656395919391600025e-04
7.908938004005106048e-04
5.620965306356723312e-04
3.928510588044054064e-04
1.176381492051528643e-03
7.327067967924094649e-04
1.210329453698061331e-03
6.051981443993686982e-04
6.635899429644903647e-04
6.210474149587474901e-04
5.006187455702110212e-04
6.200375750705644506e-04
5.170480196372284620e-04
7.636484425974227053e-04
6.966561870690446412e-04
5.162685872477507099e-04
5.760961739016134953e-04
5.496021577568593885e-04
4.735856808387728378e-04
1.087951636975087455e-03
7.078815264283527808e-04
8.941303706985204158e-04
4.426127499282533906e-04
6.773763130617366235e-04
1.137276154482030899e-03
1.075086147302076189e-03
9.338107999904976531e-04
1.178950583567317523e-03
5.567517322494219822e-04
1.088160724870043672e-03
5.689359169645108461e-04
7.649581063478988474e-04
5.207140464168480420e-04
5.062826926193614296e-04
1.168409655695520910e-03
5.180742331546506207e-02
7.551643312716314893e-02
6.714244472461575186e-02
3.031688422461298327e-02
5.223285266434923857e-03
3.702554927112605698e-03
7.574682321069323154e-03
1.884558101395852892e-02
3.480479751484522044e-03
4.288337126144278755e-03
3.850313229660451420e-03
6.962459712153354352e-03
5.835506201257889547e-03
1.165464828547732590e-02
4.395598487589816306e-03
3.446286247435870198e-03
1.347887307088471709e-03
4.080599194520570516e-03
2.825147877816874820e-03
2.109399569310291267e-03
1.805555082040083414e-03
2.560701270034299037e-03
1.634225282574341964e-03
1.096886755900958188e-03
2.033712597851691783e-03
1.077352760995853309e-03
1.151157851480941186e-03
1.122313875912384074e-03
7.421932925656959945e-04
1.892069941096169439e-03
2.800913468433349762e-03
3.422074835295302320e-03
2.118244096248250719e-03
1.464871127305436560e-03
1.535205820961602075e-03
1.133250340218300289e-03
1.233803356590235101e-03
8.509414526949032886e-04
8.299782494773644270e-04
9.474526561923657386e-04
7.534307206712581584e-04
5.875092704759610207e-04
7.454582634589118628e-04
7.952290293223585049e-04
6.228992048549486515e-04
9.481777271573982313e-04
1.525671944765258359e-03
6.843043074414578708e-04
1.058829605672662044e-03
7.163467102970777489e-04
7.092514420977413803e-04
4.214167920142952717e-04
9.890991575370045030e-04
7.712685036022209895e-04
1.483601250472921240e-03
5.138855412948756252e-04
9.178430693046329969e-04
8.134903194669529380e-04
7.876163569983940516e-04
5.692958249430557505e-04
5.446375336037034831e-04
8.779135821548600394e-04
4.309967036387474248e-04
4.836233178112658848e-04
5.551514035555676907e-04
5.185912388066260537e-04
6.657316142296698658e-04
1.423373472823563635e-03
9.015633537546446918e-04
6.096063791177497304e-04
6.502753215366502415e-04
4.702487054599052696e-04
4.209708393400624082e-04
1.012856200991812949e-03
1.492611184181660833e-03
7.355343970169014867e-04
6.592525337395238605e-04
8.479175062649085826e-04
3.488058197506083147e-04
2.611618127453529947e-04
3.546817040496752504e-04
2.908422136244787071e-04
7.739971460558048300e-04
6.037141351780406229e-04
5.808188948995263168e-04
2.416175295996136896e-04
8.447769939296800867e-04
7.742038437123649475e-04
4.763352251065805509e-04
8.234358541716751967e-04
5.122520692665694098e-04
1.695714909148118843e-03
1.165000372541746820e-03
9.808381623542666850e-04
1.288786147840670360e-03
8.047814871421088423e-04
1.774946789981468598e-03
1.628699650463277804e-03
1.116914572650729021e-03
7.403731262053542261e-04
6.806458798029740853e-04
7.190575063838605674e-04
1.283140409362851231e-03
5.618043276359729887e-04
4.030381029791751946e-04
2.942715742202811624e-04
7.041585377591669248e-04
3.293648180239250323e-04
2.317505930964358640e-04
2.887580332772698988e-04
4.315365307087926094e-04
3.414137709068509885e-04
6.677964862859819828e-04
4.819772951779460746e-04
4.728143155085795524e-04
5.321889327314366369e-04
6.806455227966468069e-04
5.506500745157960619e-04
5.626148317937895715e-04
7.161378106279869815e-04
2.892967220019942998e-04
8.605116420939140642e-04
8.224876416769583143e-04
3.178347601568848324e-04
2.017067027530600187e-04
4.136545514743794616e-04
9.529542197060925091e-04
7.537111135709068099e-04
5.580919164722836223e-04
3.381626128416276300e-04
7.659958429756252851e-04
4.220598578161538494e-04
3.734187603273569911e-04
7.209220117738585065e-04
2.840296959801674737e-04
4.505876097747191222e-04
6.759753902385867708e-04
6.409035116002187449e-04
5.003100839736374095e-04
5.082486662955215673e-04
4.555203793486922725e-04
3.738537439035988230e-04
3.224743949654801378e-04
7.277481116301220965e-04
8.631967743265855919e-04
4.224082963318470663e-04
1.060693887842842353e-03
4.323689223812571258e-04
3.842540081554768339e-04
5.230462809028002535e-04
6.137452397022846728e-04
6.041712311328217844e-04
3.874139770378148828e-04
4.961624168721839867e-04
5.584892377524797169e-04
8.715860214040804799e-04
2.500321308759739791e-04
8.275773902827882056e-04
6.766572142287152758e-04
6.167312871857150158e-04
6.937298468941976992e-04
6.794130085876481928e-04
3.571864746121922174e-04
9.904627253920772478e-04
1.762449876986926789e-04
1.158171932943125038e-03
2.558819948314527970e-04
3.610887699979220544e-04
6.451188348667591388e-04
5.029407613353076290e-04
5.497284026740600904e-04
7.413595119046684223e-04
1.164897073388501680e-03
1.029490473853797439e-03
7.310995528180541658e-04
1.421823951219647331e-03
7.290142351239620178e-04
3.752880758417509455e-04
6.739359890466228853e-04
3.317226989885402322e-04
2.079271704626128869e-04
8.994298412139667409e-04
1.044106231853483835e-03
4.770363055744408776e-04
7.329984519518356612e-04
6.786233104209699052e-04
8.917706009395481859e-04
6.456661765986970725e-04
6.370243800543073931e-04
4.970074309212507702e-04
4.197237606706066826e-04
2.420050982922250515e-04
3.292271436956678565e-04
4.863669919396990116e-04
1.031010223241909940e-03
1.192167623981096880e-03
1.169732775073845099e-03
9.786559408298117768e-04
2.158485684039979091e-03
5.852027891530275916e-04
6.790580989398942169e-04
5.636709388787131125e-04
3.787581981683357801e-04
5.449118108774020364e-04
2.981591176604986293e-04
4.434363540779528989e-04
2.652004011452213650e-04
7.251562980467723962e-04
4.006421642746837986e-04
7.574123508402447191e-04
1.315916740014161368e-03
4.974564945975645802e-04
2.825242398660221532e-04
3.441603205420890044e-04
7.177784574617096514e-04
4.715541242888005025e-04
6.219286419178737813e-04
6.008031452685164142e-04
6.428188071816443028e-04
2.486881193107526311e-04
1.077019216358290898e-03
3.233594021704172539e-04
5.302275021667191002e-04
3.785289332487451475e-04
5.795732797687913607e-04
2.384227553283296830e-04
6.102555318065888690e-04
6.032885908244800532e-04
2.994868110990089871e-04
7.383433146657403245e-04
1.174041350913979098e-03
3.040758090421952220e-04
1.158518888938184221e-03
4.453410311022476531e-04
3.549205812838074348e-04
5.324025830991951924e-04
5.245448454846840525e-04
5.394052263403142922e-04
3.714595850455859605e-04
2.946307262820385686e-04
4.155288471907880865e-04
9.893163676666233419e-04
8.912828336614664337e-04
5.150691944607876938e-04
1.402398204866650566e-04
2.607043044769996598e-04
2.990774961690173539e-04
5.348563146097551346e-04
4.048259442633456162e-04
6.001385632508904333e-04
5.538135995549892110e-04
6.445957595791751427e-04
2.348444796522741740e-04
9.296742117605033551e-04
3.515253013984392938e-04
5.704679256359063144e-04
6.013157547765934918e-04
1.126891536034083097e-03
7.425544479796875041e-04
6.005525970440711570e-04
5.001059734607432583e-04
5.997577942649795490e-04
3.550116823134163990e-04
2.474447901731763322e-04
3.927791994504381545e-04
2.219579488132034095e-04
2.446562776403649053e-04
9.890803316859597683e-04
7.434259840432000388e-04
4.546291178284395107e-04
2.450763574107506226e-04
7.259183912483591072e-04
4.169259332614250191e-04
1.153958291170403827e-03
3.632197069775300324e-04
6.847188036791101995e-04
4.818387461170692276e-04
3.414901489562360837e-04
6.476378608609861809e-04
2.732111870141495924e-04
4.287870265229642985e-04
7.013605774304071394e-04
6.922986028264910274e-04
5.542919133365159512e-04
4.579039433314641139e-04
4.214652053645823182e-04
5.446249734320368630e-04
6.601407821361232608e-04
6.386891290821733458e-04
3.476506616674202021e-04
1.507426091575253535e-04
2.119619492931268390e-04
3.443223102633646837e-04
3.500360138113944863e-04
4.324140325913800043e-04
6.097703633106132948e-04
3.476196549321020068e-04
5.717543849340228634e-04
4.855497538700098703e-04
6.354162692318865435e-04
3.848294530212774400e-02
2.219957754622550739e-02
5.700519332950805540e-02
2.428458711233305589e-02
1.259584444328250286e-02
9.404093887553796605e-03
4.224155755082031893e-03
7.080147494916144701e-03
1.779076441149318732e-02
2.406877299812711091e-02
5.495287697309197972e-03
2.655595508772340407e-03
1.813025639641335784e-03
1.837730553321995086e-03
1.406794308879660838e-03
1.802611044608798396e-03
1.085957684789029543e-03
1.028550612520967578e-03
8.648681352264042665e-04
9.918540916362267312e-04
6.407973490208662692e-04
9.753833302140468842e-04
8.321117153907015007e-04
6.984505950969888133e-04
7.463273648312257480e-04
1.020022334461176405e-03
1.427358223500208023e-03
9.155041209726599849e-04
6.661074516269988033e-04
6.215287403133346045e-04
9.420510433021389574e-04
9.702738459878706978e-04
1.046952650536531193e-03
1.452361316350611609e-03
1.631174139956545477e-03
1.128565895654798368e-03
1.208769555656408201e-03
6.961655494268637057e-04
8.024808947264261416e-04
1.138765548362147273e-03
8.253931552792415083e-04
5.556121110076583935e-04
4.837746016041893915e-04
5.090902581827705387e-04
1.120386219849070497e-03
9.216343431446144541e-04
6.450150229870693641e-04
1.458886436653497598e-03
3.112064575209072537e-03
1.538386073985695268e-03
2.202003682143516272e-03
2.800389130813485394e-03
1.075463312568122887e-03
1.139789808553087758e-03
7.245207947974979801e-04
5.334194817535886646e-04
1.197089480859628297e-03
1.174809984807734242e-03
1.880678558707576942e-03
1.045009570481619798e-03
1.491422180110099638e-03
5.860801742241378287e-04
5.615020793823394252e-04
6.816171279341587397e-04
6.675385172840442305e-04
1.142502285060742473e-03
9.165708655842069730e-04
1.181517942470872162e-03
1.082000188199302992e-03
6.385543475038724104e-04
8.093630092563114387e-04
1.114434390499782768e-03
4.803622317318817503e-04
7.508385996685407182e-04
5.324180096276387442e-04
8.885000982878088482e-04
4.499967666949655776e-04
4.137154787908492448e-04
5.385955771504691292e-04
8.677257178522079784e-04
6.171222799276621096e-04
3.497251577345011908e-04
8.384714996764741635e-04
4.356669466898943632e-04
4.841980932431405593e-04
6.075205975899222732e-04
8.795125213083565541e-04
5.307022065105804209e-04
7.697470636767872465e-04
4.347496792686394995e-04
5.839885167709529812e-04
2.746124123051418842e-04
8.001349214807884636e-04
5.138091480757361884e-04
5.224588414236841505e-04
6.227768745391965011e-04
3.473202995595697784e-04
4.137191871701750845e-04
5.748210481283794193e-04
3.630350037260865470e-04
7.007429006407328576e-04
3.966329546341851309e-04
3.339649231759167503e-04
2.911749717172673613e-04
5.090550257771664366e-04
6.515429966847535725e-04
6.154721355031977925e-04
4.886864498890308717e-04
8.220160813770249764e-04
8.931215343234433224e-04
6.251347047623312392e-04
6.577084080540140931e-04
4.334905885375883727e-04
3.515156082716242025e-04
8.334504590469943297e-04
5.979590156360570230e-04
4.424752651588370611e-04
4.274652327182909550e-04
4.321183624617086494e-04
3.865306133816331924e-04
1.185051936211670154e-03
6.772562221079303502e-04
6.869226079175838606e-04
3.896599300936554044e-04
3.631426049981179016e-04
5.375832235217925525e-04
5.003230482417270197e-04
1.373654769576501677e-03
6.822053493095309173e-04
8.442924972810600392e-04
7.261604931538129248e-04
6.043419115104725625e-04
4.040919203671389237e-04
3.294871282649020072e-04
5.453000804063468099e-04
5.501862749858893453e-04
9.919148406512534599e-04
1.018640854393793038e-03
6.405553845082317954e-04
9.726840849106632714e-04
6.336712425409063432e-04
4.580464483988355706e-04
2.922690079647655148e-04
4.327052566771988351e-04
3.611054395858265265e-04
3.768168097870866484e-04
4.074241738557943249e-04
7.062573730169940944e-04
5.308235158487939476e-04
3.725888221027123803e-04
4.213275268485083824e-04
7.231832319138098430e-04
7.292180670583209290e-04
7.606820958832860580e-04
3.839144404648997533e-04
4.955258769499676363e-04
4.617446539117858739e-04
3.692428397085167902e-04
4.015377631941124958e-04
5.980729172907622848e-04
9.356908722603779482e-04
8.443907100669084675e-04
7.476129129952713281e-04
5.022094210198890796e-04
4.636846410296935339e-04
3.532268062272220233e-04
4.707764269471365060e-04
2.814024095221800970e-04
3.553745413619052718e-04
3.018101016722118946e-04
3.051240406745647782e-04
5.537694259252073925e-04
4.276052150274933794e-04
3.697704861558986922e-04
6.118462998556950527e-04
4.859337973592697812e-04
4.290657614938742093e-04
4.846539548465783609e-04
3.518391737603043801e-04
6.399402081024158084e-04
4.475250027830834920e-04
4.466940097058030856e-04
5.073288288029026427e-04
5.930872309344997761e-04
6.104943867478451747e-04
2.867236909249726295e-04
5.654974366202519809e-04
7.368717148990427956e-04
9.818917722307640705e-04
1.229918605633761874e-03
4.611513578782755474e-04
1.212200464280568935e-03
8.229074445794681836e-04
4.927241800656428916e-04
1.569286118288451548e-03
4.733055880735831389e-04
6.091631168041872213e-04
4.613651985586331161e-04
3.035157300683155590e-04
3.173686164142375254e-04
5.132157186639452195e-04
4.454567961844624335e-04
5.126269428710611420e-04
5.639113394069056318e-04
8.180679695994202971e-04
6.534179816980040245e-04
6.871051624300211769e-04
3.412672534658933721e-04
1.021950127924400875e-03
1.634338952905906028e-03
2.976669844087509453e-04
5.815869177993315819e-04
6.179619953795151277e-04
2.310096462304345177e-04
4.861009721525422211e-04
1.308985946951501944e-03
6.834198288221821072e-04
2.476799286960235102e-04
8.249229033120419885e-04
4.486434604737410403e-04
3.439963066106666023e-04
2.192988005542961805e-04
4.336937014499664400e-04
8.131687785691843473e-04
7.296259428374030076e-04
3.635333449525934846e-04
2.364629313956895240e-04
1.896086697216886607e-04
8.150293622249532577e-04
7.028937709425420177e-04
4.041845380249181607e-04
2.989817733542177169e-04
3.701298749812786948e-04
5.319139399378308708e-04
4.849814789705947371e-04
5.948752996848966079e-04
6.125779798361735695e-04
1.891782231647209933e-04
4.252818323346313489e-04
4.283211372179962506e-04
4.460715213804866686e-04
1.938797938959846423e-04
1.942240004344092386e-04
4.991237162915579395e-04
3.267130422770769815e-04
3.807511875385666267e-04
2.691831648702069923e-04
4.062823499284828888e-04
3.875832395343475900e-04
3.111241229252631468e-04
7.285658645328624283e-04
6.466621261437266455e-04
1.044269262039362878e-03
6.464027778791819889e-04
4.895191965806899859e-04
2.970246872984055875e-04
8.203740855871471949e-04
6.011893885873031973e-04
3.598481987698853857e-04
4.122865800907371536e-04
4.774109666218773196e-04
2.800574004473421752e-04
6.234540947236411057e-04
3.615968906942046424e-04
5.110026558041436129e-04
4.537115742613562208e-04
4.709056129541810964e-04
4.065572488068797119e-04
8.795193926156297248e-04
3.489920132946078279e-04
5.379324173730576364e-04
6.537351685800829593e-04
3.219826980755263746e-04
2.729917649562374482e-04
6.483629023762427224e-04
4.516052163431732991e-04
4.285861932285389697e-04
7.947834223819422172e-04
3.685417933151358127e-04
4.101721611692588088e-04
6.201148175698500964e-04
5.847738918179218315e-04
3.441150622355004796e-04
4.183408957688372620e-04
6.330834356948755737e-04
3.171775396426934623e-04
2.731641566531550769e-04
2.364960189576298388e-04
3.738366185102037775e-04
3.095522582194920602e-04
9.668679227578941271e-04
1.226997185165973336e-04
3.326648610701976594e-04
2.137246429231576261e-04
4.744983142636605145e-04
4.251629126402478587e-04
2.708121873652713507e-04
6.134320386429470418e-04
5.596154236172101726e-04
7.865969659860000407e-04
4.887033912496677179e-02
4.801575894035364778e-02
2.562304528696493500e-02
1.434156197680375167e-02
4.621459719830919854e-02
1.014413770036827478e-02
5.455780560611300789e-03
1.087173063430613151e-02
6.641486547954156272e-03
8.377397042471271260e-03
5.711364838006494082e-03
1.011179716378365900e-02
3.185770303447188478e-03
4.167443855583236045e-03
2.835513958152166558e-03
5.515259443122907945e-03
2.497262918602152770e-03
4.060629936286835884e-03
3.095188958229855292e-03
2.642356080734972745e-03
1.931371664851522230e-03
1.405937345143479233e-03
2.625826577585352317e-03
2.230675014485095087e-03
1.027202654427100681e-03
1.586053938638073979e-03
1.305484222344985290e-03
1.526564608484715091e-03
1.541302259374280337e-03
1.656286123716765868e-03
2.128733658366896431e-03
1.943314293406939175e-03
1.280648781772739109e-03
2.193630223504522414e-03
1.754664835472055651e-03
1.294600441422599779e-03
1.806623445064242661e-03
1.077133669405191951e-03
9.303621906723569257e-04
5.970967090105222530e-04
6.944917456731536376e-04
9.124725833912494810e-04
1.802685716946139660e-03
1.476106128592544198e-03
1.491032077947165857e-03
1.550474788728412046e-03
1.850344426040026469e-03
1.366779097485795735e-03
2.260859807165019331e-03
9.508736040692855607e-04
1.054399495019328614e-03
1.023611970110527292e-03
7.491739603164848660e-04
7.325672418683482068e-04
8.789283873750497467e-04
1.408645737459426894e-03
9.437626143060373618e-04
8.735388087692530501e-04
9.991077387989238945e-04
7.622063474079510126e-04
1.050826372378091400e-03
1.126625144284604252e-03
7.863473254596797801e-04
1.378839937299300433e-03
7.879817919253517822e-04
5.587977992876219657e-04
7.211885561994729743e-04
9.235733303064042055e-04
9.152040954089751823e-04
9.973745070136624813e-04
2.564872783518690191e-03
2.908583756855806501e-03
1.602526613814062029e-03
8.606865361097532086e-04
8.253244030917983309e-04
8.748387269001262068e-04
7.946747056702258005e-04
1.001674080014447465e-03
8.173772059200667961e-04
1.710971145058887144e-03
7.175015203003953790e-04
7.595364337182053394e-04
4.915822144906101254e-04
1.338891927960522699e-03
8.215494908982989841e-04
1.568032255969270539e-03
9.088762180343434860e-04
7.313680834851177259e-04
9.438485829207088340e-04
7.515713593629486100e-04
6.119725397819991697e-04
7.306319815383599536e-04
6.353127487023213504e-04
6.823888511418990666e-04
7.163868495304037687e-04
8.491348020616545922e-04
6.392040685088140606e-04
1.086142271260234771e-03
5.476848252336796730e-04
1.018171801853276492e-03
1.119320455561054195e-03
8.852599967280327942e-04
1.551379746902725731e-03
3.636747006389856596e-04
6.332625625133786462e-04
5.132076217718301026e-04
6.581047273508389139e-04
8.687541575132656790e-04
8.339334919957031023e-04
6.029557897585247073e-04
6.268910656106740920e-04
1.034346686457937592e-03
1.387957799959177452e-03
7.262225577228248463e-04
8.504593685875333486e-04
5.054453819564042050e-04
7.540009834007543876e-04
1.234077313710682522e-03
4.345050967133889941e-04
3.870036959771061547e-04
6.580010808099195918e-04
4.265533123821024786e-04
7.432900804037190223e-04
1.002501249089543522e-03
9.437254520340554453e-04
2.507321220841782217e-03
8.704003510432434254e-04
6.752563152679497138e-04
8.572445858543165098e-04
7.670829086073166492e-04
4.349411322723678586e-04
7.237006343968344080e-04
1.069440741833793673e-03
1.004940050446656574e-03
1.658884218208783734e-03
3.822276854368034105e-04
8.713910571652022652e-04
9.242419350579678117e-04
9.466641538247305698e-04
8.441673937966132080e-04
5.499196017078877841e-04
1.048010449194836102e-03
1.173764842401725517e-03
6.130469631659141161e-04
1.357880272479544681e-03
9.910509640147918686e-04
3.636643443926113051e-04
9.115962399703220198e-04
9.846637830901172617e-04
9.731604446914232653e-04
9.625616218959520687e-04
8.659434462534587595e-04
5.181326238814232266e-04
4.133306196613673045e-04
1.386822406172105726e-03
1.095738570832907599e-03
1.518970957967019642e-03
9.269331409007125488e-04
9.361960203264491076e-04
9.229905349479594623e-04
9.089973536802603560e-04
1.109042599687512509e-03
9.061839364501722560e-04
8.518499026892445425e-04
8.222602794192013231e-04
7.316170899377000270e-04
5.107909154250384054e-04
4.937100187676485286e-04
5.676845194063917521e-04
9.331327743274941966e-04
7.143773494047989114e-04
8.385535252919268379e-04
9.251213905823174599e-04
8.863806695136311475e-04
1.263073477270976186e-03
7.074535919218555291e-04
6.202274810949703898e-04
6.462133767504568693e-04
5.910174789298394682e-04
5.949816063600676941e-04
1.007640385639177460e-03
1.059233180815716269e-03
8.451545058721088299e-04
3.053688207013127709e-04
4.820038537687310054e-04
4.157047296781263279e-04
1.437278565104282979e-03
5.524401373327575415e-04
1.178700733120319200e-03
8.211226394359560921e-04
8.120901871044444720e-04
5.102366939071234508e-04
5.486981167166921081e-04
4.663877972150565210e-04
4.643144824949263505e-04
6.115986820388885636e-04
7.073351384717652124e-04
5.170289211066381174e-04
8.245546401830367023e-04
1.014333317220117436e-03
1.040187682525478552e-03
1.046358143156400633e-03
6.912851895257005053e-04
1.836077470188102190e-03
1.045458925018435958e-03
2.908136080321810368e-04
5.291950549239782253e-04
9.242834064887850420e-04
5.997125848305751017e-04
7.835675588575702344e-04
5.605301633417186791e-04
4.722369976291190818e-04
7.701788959508099053e-04
5.784889447014163188e-04
9.466202105156001911e-04
1.027223777613786582e-03
6.703921670195983618e-04
5.032278950790475269e-04
6.788591849137826095e-04
4.486651062973467941e-04
6.821882976084936434e-04
8.530114322624904322e-04
9.343099083584521791e-04
5.129946200818774615e-04
6.010645537668779514e-04
6.200903132470569901e-04
5.760149409647224994e-04
7.495493129933139542e-04
9.871298119751847899e-04
4.721150719793343331e-04
1.196088618199350750e-03
9.057578823078171748e-04
4.635489990611058042e-04
8.745962581479527209e-04
5.081807829759449335e-04
7.139049524466367647e-04
7.918083531001790520e-04
5.563864441680277384e-04
5.079495162919472895e-04
7.841315639575546781e-04
6.411010794935834145e-04
6.938867477820215290e-04
4.898300726028925745e-04
8.899080158659145035e-04
5.305192405653941234e-04
5.835746993567703100e-04
6.344189238592923274e-04
7.478003110980013801e-04
6.948546834949914652e-04
4.403386166659389866e-04
4.130645585290332322e-04
7.534852007438502808e-04
5.141232900477271661e-04
6.168899127653171277e-04
6.140249604221215129e-04
4.651026920898526651e-04
6.733979812387075325e-04
5.413743432779866138e-04
6.481421912919449468e-04
6.644005445768097484e-04
8.646799186010217797e-04
5.062888709363999595e-04
7.078449192598340600e-04
3.999896194811780603e-04
5.916506345767374997e-04
4.471691686059459103e-04
7.911875632839876493e-04
6.772602445497821755e-04
6.226666101702277301e-04
1.114051365441889874e-03
5.302511114275848536e-04
5.275183819746231961e-04
4.753625303115655010e-04
6.220644833586641553e-04
3.843176702560124891e-04
5.823479926482244551e-04
6.621016524283179772e-04
3.605807583154929663e-04
8.311208976882755728e-04
5.594989253864673939e-04
5.266739025924921380e-04
9.667778278059369068e-04
4.750530044869694102e-04
4.141605703070205813e-04
7.896468930343458759e-04
4.763077088265899039e-04
8.126000545800315944e-04
9.174072115586406895e-04
5.717841538712964411e-04
5.146251984278343850e-04
6.846807665892573613e-04
3.876845241387733010e-04
7.713963134167167723e-04
8.438469633157974492e-04
5.592466201428530903e-04
2.519433464380910204e-04
7.720266018339250191e-04
7.507204261803096523e-04
6.155944693007342483e-04
6.946612171366411959e-04
5.401905917105408184e-02
4.217876140918216943e-02
9.658775763598691222e-02
5.878550587817253648e-02
1.186870750274776620e-02
5.405533491664879508e-03
4.177763991232125163e-03
4.049639925462006351e-03
2.520815481011684511e-03
3.753883978590832893e-03
2.374461686964757234e-03
3.311855777538924572e-03
2.547991173323924108e-03
5.109907121043796852e-03
6.476742236636773287e-03
8.732687066325323100e-03
4.034029327159155409e-03
4.719834408584006047e-03
3.121314051899415354e-03
4.513194071411291697e-03
3.541872210659588460e-03
2.283457560307761147e-03
1.804866289253151401e-03
1.357351782320423417e-03
9.710002942750900479e-04
1.067269755285107924e-03
1.346681069276434162e-03
9.426689481370070789e-04
1.004594359628768752e-03
1.309662087228172234e-03
1.278571376390341685e-03
1.656301498740769818e-03
7.274934433608853945e-04
9.487283157852965942e-04
8.702033226384714437e-04
7.732527265783828430e-04
1.085545747534749639e-03
5.020610996205321364e-04
6.925657431697956889e-04
1.235961623813952581e-03
1.291564368612663216e-03
8.682661911268707566e-04
8.321858299203260811e-04
7.352832210512222355e-04
6.420471768567165283e-04
7.247527340658865835e-04
3.722717146860815562e-04
1.384228939234691258e-03
1.291065529644197518e-03
8.563319460508783676e-04
9.008046627648064186e-04
1.564785862529644023e-03
4.916819493307189592e-04
9.062049827225776566e-04
4.961547657241216491e-04
6.900194289503058798e-04
4.886024517746778706e-04
8.302119368859550708e-04
4.999101780301801190e-04
5.114715332434488504e-04
7.002450085622363707e-04
8.279666723552264740e-04
7.352136701292560916e-04
6.448885735966664035e-04
5.040015135697184512e-04
4.442050768199840016e-04
4.786627533672205281e-04
4.905237255481559311e-04
3.581952926662995695e-04
5.638211309924173742e-04
3.932867129395334338e-04
1.365119495957162199e-03
7.661095458070393827e-04
2.446477371576993853e-03
1.437938611033973135e-03
9.282210145059588413e-04
1.867037455818898462e-03
1.000459886229709827e-03
7.281899738620506435e-04
1.213008450712121933e-03
1.153156343965414110e-03
1.458002851610532002e-03
1.632691019821996825e-03
6.909930817173975948e-04
8.605032329738471208e-04
4.775957405865338679e-04
6.008335532918102073e-04
4.466573116255062592e-04
5.554611516631058343e-04
5.204505536192671755e-04
4.196128881520516662e-04
2.222945893476796497e-04
7.342291525701954980e-04
1.694097707167094291e-03
7.524827073736167771e-04
5.900761308853114118e-04
5.716683089950908014e-04
9.644571743660790286e-04
4.314821379352573594e-04
5.460992669431424806e-04
1.115551929719432733e-03
7.234969006362779176e-04
3.643604391964649913e-04
5.413679908292806653e-04
4.406952876835068533e-04
4.857742077276072656e-04
5.012396007227082340e-04
9.679933241033555902e-04
4.703985406375316147e-04
1.336679937780471672e-03
5.300071505697778740e-04
8.406393999768196901e-04
7.162132222039707674e-04
1.061717137453108140e-03
2.403938121721002630e-03
5.722724632584719195e-04
4.735665004495931418e-04
1.337875535392246684e-03
1.549262469353523963e-03
1.865917259888924540e-03
1.780722526876665768e-03
9.492440070795193918e-04
1.027991025832772354e-03
2.450946584619806412e-04
4.087287874371403618e-04
3.540739119381325350e-04
6.939138952550272244e-04
5.943920428548299384e-04
3.191339052117520003e-04
5.182589168743895192e-04
4.708603283339607426e-04
8.849125479129804628e-04
4.996903501347654819e-04
4.619834825285579205e-04
3.340868582814154886e-04
4.205051153163552602e-04
9.310578921388618090e-04
4.444320764128428802e-04
6.861545166320648370e-04
6.383521061718022693e-04
5.107266092657380963e-04
7.488533700522326253e-04
7.377377288495801100e-04
6.436673342828380662e-04
3.616651502510448424e-04
3.068493924383991489e-04
4.039544018170082573e-04
3.763191259747444839e-04
6.239599922103211682e-04
6.445474872567441560e-04
1.028196052781246705e-03
4.474172840978063448e-04
2.519615825089388528e-04
5.701398474724089782e-04
4.926155398884274339e-04
8.968110713322291483e-04
3.847036956099447735e-04
3.783744362582108778e-04
6.254961563779970479e-04
3.896585826274057140e-04
4.345893847963189227e-04
4.015550918933796787e-04
6.512854860717121053e-04
5.476024920317013045e-04
4.567989785110304624e-04
4.908798496380123444e-04
3.219079774681304906e-04
7.770665924293623794e-04
6.624525765586974924e-04
3.379651739231354091e-04
5.791655436290787939e-04
4.005954697681446408e-04
4.455676863137081334e-04
3.166824303190846068e-04
5.711497686033822907e-04
6.905450674632163111e-04
3.396156917026965649e-04
1.953328720881136737e-03
3.021818756773070325e-04
5.632700967254655744e-04
7.597573076282004845e-04
3.972307272115394028e-04
5.398960880056702383e-04
4.108288828638950729e-04
2.189127616358532702e-04
4.308518194895000208e-04
2.947911894121413301e-04
3.796228605167373260e-04
6.411862433151754859e-04
4.463941483776462382e-04
6.376018259281190925e-04
2.697746129729922115e-04
4.294291908939484870e-04
2.707108324060958360e-04
4.069701554249294251e-04
4.635427713526596438e-04
7.468298658400984724e-04
4.506368830161505690e-04
3.274487698961409121e-04
5.951436128650844370e-04
4.228927277801497464e-04
1.724448788315291470e-04
6.708687494401538443e-04
3.383542674601641709e-04
6.226276289599264047e-04
4.055453761913352384e-04
3.788749056525125836e-04
3.031536281275087896e-04
5.067270107483035080e-04
1.377975973604089743e-03
8.867648931657895472e-04
4.550843042850499787e-04
2.338132067308679174e-04
7.502380766163802006e-04
5.173459930234158843e-04
3.436731521453961768e-04
4.776680033844737938e-04
6.185728313824190305e-04
5.584667586858577115e-04
5.129519103387186751e-04
5.753621271200881626e-04
4.062792800992170994e-04
4.789018518673721081e-04
7.908317357147587323e-04
4.242627202886012361e-04
7.507972590501399424e-04
4.325287064387978164e-04
4.299791992312118616e-04
5.914929321210460333e-04
4.254709831112563068e-04
5.833392957612926200e-04
4.286349029751224116e-04
3.802896734576149962e-04
3.875081851782424813e-04
3.160332973513174659e-04
7.681229837999681287e-04
2.857142566920212179e-04
2.709506380869225461e-04
4.638805288892933198e-04
3.668933418624897858e-04
7.640764829884572062e-04
4.147554546921061736e-04
3.945695377551017291e-04
9.335324404885630978e-04
3.000679421559793170e-04
6.705942500734307643e-04
3.796949324822856964e-04
4.048257742481770061e-04
6.186735841379742418e-04
6.939240795169748788e-04
8.224956127022009511e-04
4.628159561336497863e-04
1.046353975367259048e-03
8.924860984148852427e-04
5.804076842734484654e-04
2.633369914505495624e-04
6.152705448715656278e-04
4.946116548810719493e-04
3.323157611317406612e-04
8.891984743016473347e-04
3.219718959700662575e-04
2.745367723195613063e-04
4.981264881792624166e-04
4.009098913713149415e-04
2.860552506118718696e-04
3.160623184279565123e-04
2.331536467479883301e-04
4.451566453770733345e-04
4.674854114711246567e-04
3.657974017475390527e-04
5.339518689031486076e-04
4.838218866104054827e-04
4.570900927347992804e-04
3.733707255143686732e-04
3.140084279025928682e-04
2.763387587689236646e-04
3.139188730329062205e-04
5.033301632763609312e-04
4.506851014152157830e-04
2.847062515007048322e-04
4.153681959585264760e-04
4.643496189765394799e-04
5.238970741323761837e-04
9.023137827400828925e-04
5.689531220688243129e-04
3.414864577562098935e-04
3.442547558266256802e-04
3.424877626166805689e-04
3.578882199220534410e-04
6.477974245995693492e-04
3.875723142922060660e-04
7.362075513729221532e-04
3.753311432850570117e-04
6.632510499409161042e-04
5.207745227662763376e-04
8.182911378005336411e-04
6.394641737382800173e-04
3.548681221926253126e-04
4.719467704675101016e-04
9.742096009492384745e-04
4.241967663545526124e-02
2.916002612762733093e-02
8.303010103712273049e-02
3.357966139641348213e-02
2.850906283874876657e-02
2.653303021988792643e-02
3.004590582056559933e-02
2.267038176116958903e-02
1.439044774383940739e-02
1.678337267934734700e-02
3.021159172696247230e-02
3.032828721732615251e-02
1.572797071592292595e-02
9.321114039793812478e-03
7.379282356918023811e-03
4.103639926694754858e-03
7.719400374427573541e-03
7.842814464968539401e-03
1.057792897331621962e-02
7.275211786662710844e-03
7.835901985044690932e-03
7.599656289791562047e-03
8.612492367864099663e-03
5.248530900041445402e-03
5.049777395521315437e-03
5.137248603052979590e-03
6.015005275517432137e-03
4.813311480328902325e-03
4.523093109406961521e-03
2.649508885836357464e-03
2.383252607282990154e-03
3.088329820777127588e-03
2.502505446580663429e-03
3.224317524692599246e-03
2.322886887765426844e-03
2.698183477618937287e-03
2.863801757543582571e-03
1.966537461763978589e-03
2.114371188655969624e-03
3.355493871014275653e-03
2.921891172013982296e-03
2.969083212124856708e-03
2.578426284154070047e-03
2.640814678607994459e-03
2.568161233137300492e-03
2.451682361663931609e-03
3.253371118936254636e-03
2.449933330287340505e-03
3.535441531590161057e-03
3.824971864928874976e-03
3.064121042113079896e-03
2.594964623112788749e-03
2.806037948926559666e-03
3.226219630857465881e-03
3.950271839032640231e-03
3.663759452247561388e-03
4.110059254372272486e-03
1.806819164930584254e-03
1.203749417006752531e-03
2.350813926751016414e-03
1.585235463640824460e-03
2.415261383741346135e-03
1.566515523289235823e-03
1.793693468775059419e-03
1.631415380598758014e-03
1.419006798493965826e-03
1.070084837299589697e-03
1.407616141904585727e-03
1.304190876984828718e-03
1.272037184200089377e-03
1.244867897820647884e-03
1.317186154972810330e-03
2.439464798324519901e-03
1.605013640528493712e-03
1.633467096050250644e-03
9.712467469982499768e-04
8.177582820016321419e-04
8.718986133396389171e-04
1.766087392448739690e-03
1.338517990787574385e-03
1.144358258083441604e-03
1.438238916696518710e-03
8.102771029623451193e-04
1.101284159379156691e-03
1.308831376399810509e-03
1.154737559611471176e-03
9.089244516910788274e-04
1.065019492983015903e-03
1.495848707692676305e-03
9.690628096018227833e-04
1.032248609412173002e-03
1.787078578103229454e-03
1.132043073216362772e-03
1.233870471051931594e-03
9.064569834727892461e-04
1.062123128941980243e-03
7.305169870840261259e-04
9.951484918909875299e-04
1.026696589199765919e-03
9.524751070613124426e-04
8.127094290557856926e-04
1.538481437685590425e-03
1.079808115134389679e-03
9.580144567485487928e-04
9.116285020494413471e-04
1.182338543888397653e-03
1.587452698912250604e-03
6.064402570664650938e-04
6.648598395404548000e-04
6.195203331107734801e-04
7.239153021716543401e-04
6.106193725516073645e-04
5.978765755055848174e-04
7.273050518402934816e-04
8.283629206538578593e-04
6.713881634581170266e-04
9.558922701219385587e-04
9.774483723312965555e-04
7.963430450120823068e-04
8.335413523447021689e-04
8.456559388834300472e-04
1.228448873548046438e-03
1.632648654797064225e-03
6.602173616581802351e-04
7.005730471320720243e-04
8.744858161701118959e-04
6.640337539033647207e-04
1.200399075467983856e-03
8.532166759838699654e-04
6.839258063042197300e-04
5.880422342942059899e-04
5.965452062815790324e-04
9.424924792076488922e-04
9.077252946951691603e-04
7.055784768133649409e-04
5.879886286166285947e-04
1.753356164664779393e-03
1.280913890347873396e-03
1.673603636658443916e-03
1.217039022304786111e-03
1.677912746515838882e-03
7.162456848208986759e-04
2.204434395208731967e-03
2.152652430964713259e-03
2.151705136155174225e-03
2.348652799233408306e-03
1.881234759703573345e-03
1.276667758910429717e-03
1.084823907904930440e-03
1.116049762888829400e-03
2.012960407398553531e-03
5.267005243498323885e-04
6.489465827152207655e-04
5.361152048268535975e-04
6.571891591207468242e-04
9.747265106521962874e-04
5.871913259890004788e-04
6.386585664837213239e-04
6.700860839849998030e-04
7.293938272505684495e-04
5.347109855337178752e-04
1.020298548483095091e-03
8.901080681886219814e-04
7.311392217612122657e-04
5.612800538266904393e-04
3.684742988688816112e-04
7.618500355112134415e-04
7.509582104193307517e-04
5.484368922003962643e-04
1.014511560117059563e-03
4.473110517673462017e-04
3.582962548365625777e-04
3.672635384148609239e-04
1.360105786697721197e-03
4.427381377408723395e-04
7.302570789847473431e-04
7.159777417569679336e-04
6.283078133734049109e-04
1.065959558865278711e-03
9.275525973965748072e-04
7.601242573829214422e-04
7.093146377919051782e-04
1.200599599831569941e-03
7.107276380081406497e-04
5.885812513617416641e-04
1.248816796499699344e-03
9.489838711852216502e-04
5.545929483733308407e-04
8.331916972883351979e-04
5.452306022444286526e-04
3.670876014765789286e-04
6.513560935055562329e-04
1.185294202441372624e-03
1.495420680447751005e-03
1.560584118280736177e-03
5.869623001520107852e-04
9.198019879372021368e-04
1.215573085350515892e-03
8.994185578071745013e-04
1.029809256495581304e-03
4.431451361061183869e-04
7.107566187608965746e-04
4.937871272965993485e-04
4.679247045980411412e-04
7.825661752818846573e-04
8.133718044790322343e-04
2.443537210491536493e-03
3.122520644803894463e-03
8.229480201818045737e-04
1.340727317534248786e-03
7.896159683869335977e-04
8.178062493075788364e-04
5.820513962110501760e-04
6.796495150013931452e-04
8.848682267447727234e-04
6.106136782244864225e-04
8.802088900962401485e-04
1.180266541973840067e-03
4.896561741292021486e-04
6.532222251789537859e-04
1.226042767190599347e-03
6.305054657362862969e-04
3.225904120571221334e-04
8.320446794712194061e-04
5.351659948530929078e-04
7.475167755756351173e-04
8.131084638952901233e-04
1.508062879289423508e-03
8.026985672971859165e-04
6.326209836403223763e-04
3.659356824725623625e-04
5.724467224427765011e-04
3.682095541356206203e-04
8.796198897536577910e-04
5.856121412999293341e-04
4.908432246835403578e-04
4.963148550853890839e-04
4.347098581126696004e-04
4.754497989765821275e-04
4.980179387468197660e-04
6.149061532553651288e-04
7.155890624042232639e-04
3.453993284035922207e-04
3.301174278863699962e-04
4.840313476345420307e-04
3.292274151090873735e-04
3.884917203386406559e-04
6.271479419811959444e-04
2.639421375655870428e-04
4.338625850568711417e-04
4.011383838793680656e-04
3.660133698702577876e-04
6.069907389867901237e-04
4.312011436394813657e-04
6.240136505853560722e-04
5.962392610400352178e-04
3.213162564188604131e-04
4.386264892971003526e-04
5.085884127280365652e-04
4.483826479970698387e-04
5.407358038654747068e-04
6.870078868350670831e-04
9.639589102708179258e-04
8.848432926084615069e-04
3.586161979368673869e-04
7.483601863552957756e-04
8.112453796233209946e-04
8.871342519721214792e-04
5.072931555265836057e-04
8.378526127429675174e-04
9.299070289817829016e-04
3.028515151356769852e-04
5.474347249924682579e-04
4.590988968083409283e-04
1.027969561809921606e-03
5.452778938560970401e-04
6.731861143603745656e-04
6.640053716799043659e-04
7.230783845496024931e-04
5.922251832072983335e-04
5.170386008851862725e-04
6.395455914873504621e-04
5.174689808822435788e-04
4.094031013009147291e-04
4.419366712768990624e-04
3.785089970517602209e-04
3.776336839029781345e-04
3.179701950595525961e-04
5.612685750290002940e-04
6.654597536196182883e-04
6.016955887007680026e-04
4.414735818875914486e-04
6.791498625024205982e-04
1.164866863833130539e-03
5.119115001119833863e-04
6.833306854129028718e-04
3.404198070568187351e-04
2.428233525816059224e-04
4.170237526898434854e-04
3.315363375944180291e-04
