1.139414553010596465e-01
9.891996668865643549e-02
8.808630532027854343e-02
7.232555549733436784e-02
5.846318925257891486e-02
2.689758023857631575e-02
2.150875526748272093e-02
1.714998737223442926e-02
1.517891777569739531e-02
1.610879380891042101e-02
1.691153138133041911e-02
1.615750396493711993e-02
1.508200413237739679e-02
1.646561616048236587e-02
1.538013151323643080e-02
1.367530976425893052e-02
1.375789446682218475e-02
1.353169161804597398e-02
1.241721631659703506e-02
1.223062015160632232e-02
1.135239015904787596e-02
1.167315257196717415e-02
1.292257154954848386e-02
1.101573761517740668e-02
1.203174399774478709e-02
1.362002421961044929e-02
1.466015022434488668e-02
1.209997768134535301e-02
1.214456087603760226e-02
1.304843966553902168e-02
1.417397948621590409e-02
1.290416471896976836e-02
1.225203115821392463e-02
1.197135255153004840e-02
1.125894066939137073e-02
1.143195773955561767e-02
1.196691918551255618e-02
1.231575486717514933e-02
1.070665674812994184e-02
1.085294524146269979e-02
1.170733451109384760e-02
1.023735777894885235e-02
1.223304930180593719e-02
1.160838367726794995e-02
1.119565614876412429e-02
1.038370914374227294e-02
1.073617793785833219e-02
9.258583352050639426e-03
1.215398927450525579e-02
1.006453782681912545e-02
1.251239027800561676e-02
1.033882054707004061e-02
1.035850285208941846e-02
1.132452446496579057e-02
1.094522762882903233e-02
1.026116586309842871e-02
1.016092515604088975e-02
9.460921727841506423e-03
1.091746348000083300e-02
1.040163665375552771e-02
8.790853970132628259e-03
8.958308713521129230e-03
8.418255844142713551e-03
8.927848376498959126e-03
8.622410492719570496e-03
8.723379250106549909e-03
8.420368806381722804e-03
8.905194298449464751e-03
8.815391803365088541e-03
7.809376501191900299e-03
7.378759552217617479e-03
8.585768324290185549e-03
7.704736221394795082e-03
8.777501323032760316e-03
7.984102200794138127e-03
7.929597918985273330e-03
7.957873751209570967e-03
9.486388511877746899e-03
7.522200468650194760e-03
8.120537733716168272e-03
8.335618980297110348e-03
7.003951839428618209e-03
8.314125576669273432e-03
8.567986110018521728e-03
8.127570250739263313e-03
7.921422442188935653e-03
6.322162627955041359e-03
7.734063631220505775e-03
7.055478154858768614e-03
6.961615350638855615e-03
6.378978030049789472e-03
7.896901326145677746e-03
7.132260754352387488e-03
5.878890166199371436e-03
7.649185728219792813e-03
7.541792014423120971e-03
7.333697761864238496e-03
8.536471862862382576e-03
7.437640832808664615e-03
7.127159916990422062e-03
7.456510113227884928e-03
7.065662713081011237e-03
8.164490268482621493e-03
5.770602375353428570e-03
6.672797859255272246e-03
7.593290639007294063e-03
7.741254925657498065e-03
6.379651554435511462e-03
6.307660264632961034e-03
6.643788917233509062e-03
6.309818284451124137e-03
8.550451967561031874e-03
6.933660692407486725e-03
6.438295099949573053e-03
6.735408873327908275e-03
5.950729672253060598e-03
6.763561420593741658e-03
6.279726591172610228e-03
5.844538202741250688e-03
5.660014144107786138e-03
5.489958296920394165e-03
5.435519668291491358e-03
6.196208912773754074e-03
6.716671768612944571e-03
6.386850900373330919e-03
6.008252997828797404e-03
5.696580100891662779e-03
5.036406363066764369e-03
5.983208342173057526e-03
5.734249098792068566e-03
4.946695716070717563e-03
5.109724843393753657e-03
5.091790647352351096e-03
4.584347420965945163e-03
4.763878502621513022e-03
5.655623838337800469e-03
5.320699518611651802e-03
5.802055384740628652e-03
5.516778451284218288e-03
4.434607881827118403e-03
4.451674623696805222e-03
4.040255926691688204e-03
5.703752394632444211e-03
4.583256096023211046e-03
5.121750930100713028e-03
6.421559080405869757e-03
5.999117867129477588e-03
4.876618346048550157e-03
3.648855180254706454e-03
4.703757588133100631e-03
4.843906917815443691e-03
5.922520106818415786e-03
4.902194915637370087e-03
5.530323522611568787e-03
5.035798196685148387e-03
5.051867043962071646e-03
5.484584818001139728e-03
5.530439964132563557e-03
4.452778882647237535e-03
4.794307949121071055e-03
4.139434808728525983e-03
4.270750170790024725e-03
4.540977797304224239e-03
4.231228268027784067e-03
4.693007421265008028e-03
5.211960102100315906e-03
4.210898679398167310e-03
5.071181299156124478e-03
4.355556238455696172e-03
3.474127338644703022e-03
5.189983510467024996e-03
4.782021587754217706e-03
3.999845868099316526e-03
4.410960324877505334e-03
3.573561661796162414e-03
3.752711679224265962e-03
4.113540392210499053e-03
5.979368323852554679e-03
4.527930010472414057e-03
4.337976076931440716e-03
5.168379242567466836e-03
3.971132533200832926e-03
4.402535999124546073e-03
5.184287187128142071e-03
3.808192193973200523e-03
4.452216968094002691e-03
4.186315231970522133e-03
3.528199790504643607e-03
3.859097386205073699e-03
3.281216978572004672e-03
4.352395786098611774e-03
4.277604361602807548e-03
3.559808948181211741e-03
4.122086509505365481e-03
4.370459317976999047e-03
4.352015016838267636e-03
4.188052975468009587e-03
3.615367639340991146e-03
4.822711673823129597e-03
3.916050964334130691e-03
3.443993325129734995e-03
3.870627171464302574e-03
3.541321298194816114e-03
4.175607039913653562e-03
3.615150958714438700e-03
5.106126982650727175e-03
4.151833304748650533e-03
4.131995001407873236e-03
4.340568734156419195e-03
3.623767304881689300e-03
4.413663055194028129e-03
3.548171628742019523e-03
5.842734607178143302e-03
5.497708498880995998e-03
3.578806592150221566e-03
5.127866383958873397e-03
3.576770206263540919e-03
3.140572564485119567e-03
2.969137648998892987e-03
5.160438782748716369e-03
2.942998312037675701e-03
3.274196749941574169e-03
3.844505365693501320e-03
3.213291471235626973e-03
2.976082831307486076e-03
3.427296583688885234e-03
3.123557674087465430e-03
4.125649210937221145e-03
4.377346293032810531e-03
3.744263511412923573e-03
3.886356776275912139e-03
3.728255033911040406e-03
3.518528321490368982e-03
4.506596339911989046e-03
3.471120242551931079e-03
2.852897231037224146e-03
3.745707210736540227e-03
5.000240892222895805e-03
2.712979028339473908e-03
3.506124350649994503e-03
4.081404739629201917e-03
3.614108389486142547e-03
3.934861140486911601e-03
3.871332834178634053e-03
3.393028269268197339e-03
3.890020304695568365e-03
3.530655051506390030e-03
3.480168283699389131e-03
3.219718716700528671e-03
3.625687141452255124e-03
4.082180147254838021e-03
3.591248953447132020e-03
3.710468082096546327e-03
3.639612848670259471e-03
3.076789927452527884e-03
3.498478527428364182e-03
2.787656907903335313e-03
2.982859118039429824e-03
3.299205228561696845e-03
2.956066196566464743e-03
3.657722188180653755e-03
4.108604946789357060e-03
4.599237499140582108e-03
3.134080946482653562e-03
3.431774890490263408e-03
4.027145537270793163e-03
3.247043013975436931e-03
4.044594240967064325e-03
3.800498964753359910e-03
3.539222658596061222e-03
3.189968188970590535e-03
3.026370441135600720e-03
3.308223923603484384e-03
4.452717154385069098e-03
2.593624203822697538e-03
3.415466481992396330e-03
2.881692122730164507e-03
3.583167257175390308e-03
3.173763389864026063e-03
3.624047696651588879e-03
2.945431572824702693e-03
3.301166387352075238e-03
3.092522147932583176e-03
2.934167203558254999e-03
2.463918560203670616e-03
2.874131476860539158e-03
3.541514530974343433e-03
3.471543098100826619e-03
3.236379916829887349e-03
3.071508827870009228e-03
3.435421247005049361e-03
3.669460680216563020e-03
3.555058824957837982e-03
3.546451740377515316e-03
2.563369699863871087e-03
2.829987624491894782e-03
3.104864003635784964e-03
3.634680200211348744e-03
3.275647279649393506e-03
4.202611180506271582e-03
9.864452049973940206e-02
1.013759956618231484e-01
7.445339944264228738e-02
6.642746759033700543e-02
5.523381468262632266e-02
3.858800588411488708e-02
2.528647426791921782e-02
2.397275081011253361e-02
2.739008053730698777e-02
2.606093767700379260e-02
3.138395296655629996e-02
2.168992218191152788e-02
2.055336796180896874e-02
1.990054022393422661e-02
2.079169766739719094e-02
1.938610586875516573e-02
1.574334416713972506e-02
1.507359864539156713e-02
1.699011448131676483e-02
1.672580739093428026e-02
1.436622457784271500e-02
1.457283129490953566e-02
1.470318286234262306e-02
1.374722038894091170e-02
1.245390999084125538e-02
1.068373907890658725e-02
1.269968405366884989e-02
1.289551581820866377e-02
1.102974384872126845e-02
1.311236285429125126e-02
1.273268230557139669e-02
1.192256472150181323e-02
1.172991345066223823e-02
1.141886065655874083e-02
1.337151116721452260e-02
1.544938060096440191e-02
1.447741287871977256e-02
1.382695841903762435e-02
1.228205831612087795e-02
1.343617445236680585e-02
1.110266010290567040e-02
1.056829752358982855e-02
9.422576564225113027e-03
1.059744579536212039e-02
9.614176061739976298e-03
8.488927133819962334e-03
9.160754573648163812e-03
1.003469076367718982e-02
9.118890653048355999e-03
8.756114998024117080e-03
8.516119606564703792e-03
8.716889543450623279e-03
8.491280662264802381e-03
7.891898254305612648e-03
7.409052824200401677e-03
5.936969256656640659e-03
8.258926458552584560e-03
7.284698336275097219e-03
7.757800175370019313e-03
7.529461055719527396e-03
7.009254847403181832e-03
8.339404992628224322e-03
7.961591141553328588e-03
6.034451763291898141e-03
6.772230197638173799e-03
6.516839057377002420e-03
5.892886519460252548e-03
6.957471377517496225e-03
5.864471528419595847e-03
4.700233722714400320e-03
5.700024240009940457e-03
4.600766048886831272e-03
5.108376489538463128e-03
5.326908215408390768e-03
4.659952948787321469e-03
4.536431384193476135e-03
5.590680207353954101e-03
4.705248197152456235e-03
5.253191897506032104e-03
5.086507307180215820e-03
4.116664542152301265e-03
4.533191661226912417e-03
4.386628587962390635e-03
4.678362990597609294e-03
5.113981696417538303e-03
4.351977499217868361e-03
4.288239349146655277e-03
3.274676000070517179e-03
3.260895399797264504e-03
3.578481506565256431e-03
3.082242131311335731e-03
3.523576749967644028e-03
3.515657536931490745e-03
3.732604230333419482e-03
3.446279290750364765e-03
3.284148522442645324e-03
3.126698863579011056e-03
3.128264518897930224e-03
3.304195736767184810e-03
2.722443189530326935e-03
3.227046168755465239e-03
3.517869620371066874e-03
3.073039294903365248e-03
3.150316629613320041e-03
3.222136650723822493e-03
2.969054060837902909e-03
3.227360112803431824e-03
3.284900420201714022e-03
3.277542727379165188e-03
2.549472473077032952e-03
2.805553368514138168e-03
3.193802652810107112e-03
3.452467653564342265e-03
2.867500011070472921e-03
2.238140039777292145e-03
2.725825563044820266e-03
2.206460948113053711e-03
3.058147073717820685e-03
3.092422821109219733e-03
2.870692086454323944e-03
2.804073166908102599e-03
2.833297026535924745e-03
2.359020520473695259e-03
1.974721360826575678e-03
2.996251191185017593e-03
3.139817241701745032e-03
2.594939343395802345e-03
2.127770941360421220e-03
2.562426792419011945e-03
2.062589344826712412e-03
2.359487032347729052e-03
2.322485107694838291e-03
2.561242426272050676e-03
2.556504103757448187e-03
2.127287974861738484e-03
2.487336349737787056e-03
2.510012492799723605e-03
3.160255275270029696e-03
2.808748425272664107e-03
2.388477875551617280e-03
2.758566032444925709e-03
2.513575696934847170e-03
2.435193764690701812e-03
2.138636626023635023e-03
2.921199405745408817e-03
2.654653984156638002e-03
2.776616716641880367e-03
2.625059673283719475e-03
2.478887222046893823e-03
2.645030137431336748e-03
2.148581730974527537e-03
1.964547623459433900e-03
2.573640796357065663e-03
2.456460089763162769e-03
2.450310496438679042e-03
2.620002739506507861e-03
2.353658821473161855e-03
1.731835631010758547e-03
2.456282133268386514e-03
2.124754976093087833e-03
2.130567423828610973e-03
1.880341403818319712e-03
1.948043955717113085e-03
2.234175691037038058e-03
2.037895978569848054e-03
2.135976083229962352e-03
2.204143686752396691e-03
2.014988084343180552e-03
2.230010797676248990e-03
1.990193651425872789e-03
2.417024943330334241e-03
2.087144496973211694e-03
1.936030629171317519e-03
2.310171042189640422e-03
1.990148359388793642e-03
2.387297640537772159e-03
1.980916709919983143e-03
2.409645365597457012e-03
2.402280138864107406e-03
2.502848056073592176e-03
2.232993726773227494e-03
2.729835764847921009e-03
2.289093684007273422e-03
2.088184973778925424e-03
2.302744939724002404e-03
2.483795513051348380e-03
1.867045976494785542e-03
1.940635568192780602e-03
2.360479077823232630e-03
1.579386916512215411e-03
1.894009088063627888e-03
2.121414710737928866e-03
2.340725914352359549e-03
1.846401578997639015e-03
1.844569897686443305e-03
1.773783800096268015e-03
1.866822248824354102e-03
2.584238471779617963e-03
2.307936730066351139e-03
1.686360926203583910e-03
2.478530919062901794e-03
2.409525111404922648e-03
2.368223589078718994e-03
2.276489899359357416e-03
2.393189390407904349e-03
1.837113503188061991e-03
2.127714161226729184e-03
2.078039237194365119e-03
2.732927885660360601e-03
2.641117671764670050e-03
1.955022867106082085e-03
1.896306257593641242e-03
1.836317078756866117e-03
2.033213273788636588e-03
1.659289978302266877e-03
2.040266115581196305e-03
1.945991332371138638e-03
1.985718230644334392e-03
1.800721430100377107e-03
1.969547086593401164e-03
1.880030976529445397e-03
1.728217047625671410e-03
1.798626209523035424e-03
1.819953358548842548e-03
1.714955737777412725e-03
2.302286996145722076e-03
2.112676800525653542e-03
1.870789898346769675e-03
2.062528307150313100e-03
1.885571881210662548e-03
1.936924952966032065e-03
2.202929433751499300e-03
2.262605892115188144e-03
1.706111901889170723e-03
1.867188398312638609e-03
2.858610137969355702e-03
1.953360548748048209e-03
1.525806647603586419e-03
1.668651112099836520e-03
2.100765074065258364e-03
2.329927219295438445e-03
1.690417345606043398e-03
2.324420290616663332e-03
2.195146820592519532e-03
2.151921514641691457e-03
1.577302952397913183e-03
2.058054634317310616e-03
2.266010494923809127e-03
2.094205132938842251e-03
1.719762117724316086e-03
2.330494352346806908e-03
1.696869745455395484e-03
2.365389434357087484e-03
1.395127869577822421e-03
2.257241349357799742e-03
1.620280550127986552e-03
1.822733960678613041e-03
1.739612748131627584e-03
1.699088269667331508e-03
2.994940609081009342e-03
1.857332017735385810e-03
1.413024798669657023e-03
1.821699561770986908e-03
2.531327345526676598e-03
2.213655848376516744e-03
2.316084234186027713e-03
1.816133418140422617e-03
1.713679745199009341e-03
2.580653005344005213e-03
1.883912079895216918e-03
1.695820605981529505e-03
2.547834607016616348e-03
1.990716272309470125e-03
2.009991872442357108e-03
2.838910147703127551e-03
2.122029260731350675e-03
2.128516705186295210e-03
1.689733627469922062e-03
1.841617303226253388e-03
1.676693321091174416e-03
1.410259997976809343e-03
2.090131324762212195e-03
1.658143506970299885e-03
1.476064858729961293e-03
1.737624835346854302e-03
1.887051124979485794e-03
1.735911065422895971e-03
1.928158648281275145e-03
1.489415351672906951e-03
1.490092553073793513e-03
1.813644796611793564e-03
2.610175172711726166e-03
2.094739315262286738e-03
1.512759853859207970e-03
2.071011630386365709e-03
1.635057662272593193e-03
1.672150780920117485e-03
1.770399205677258836e-03
1.699372797526188528e-03
1.605440375168687428e-03
7.859414806808770471e-02
2.903276812768608162e-01
7.366112252895773427e-02
4.676378504270287118e-02
4.167472746279440865e-02
4.187387813344987941e-02
3.690951111717588606e-02
3.938348621375080405e-02
3.764841126643587998e-02
3.076853805714800660e-02
3.161915584604868545e-02
3.133064737676256872e-02
2.936084854306497682e-02
2.751907080241441927e-02
2.427171324736197844e-02
2.243320975344181845e-02
2.596583096695466442e-02
2.231145298469583427e-02
2.149376495436337853e-02
1.994954177107596816e-02
1.871617670162246949e-02
2.042931832795663594e-02
1.753877985468522971e-02
1.842255071097012586e-02
1.376488353896741790e-02
1.490533856899203813e-02
1.506950325675888991e-02
1.688200977060849706e-02
1.458430531656576545e-02
1.503151642555097811e-02
1.451160302462729812e-02
1.611239190015219258e-02
1.216589708366171141e-02
1.294203999820600637e-02
1.371664883698048287e-02
1.359238200415702202e-02
1.376984476119622047e-02
1.251098342938754271e-02
1.248565402510487532e-02
1.166453925193072783e-02
1.220620887723383730e-02
1.032179369813844561e-02
1.211957124909204819e-02
1.261852495054924250e-02
1.282080855840525557e-02
1.031985600981467910e-02
1.157090700707105735e-02
1.278149709513258514e-02
9.274329882575121919e-03
1.069566852606385066e-02
1.113268695554839316e-02
1.026733400510587702e-02
1.076105353184901581e-02
1.042796941398235755e-02
9.712297226647251258e-03
1.009865321868964883e-02
8.494246431964364019e-03
8.469475016341793117e-03
9.259148414732951138e-03
7.601169039559166341e-03
8.806082650100313658e-03
8.216616187777497915e-03
8.210103946015831489e-03
9.568727474897772978e-03
9.527960033393248485e-03
8.041261597480739431e-03
9.443879094336332658e-03
8.114983257612548573e-03
7.662776960911360513e-03
8.036483753563819499e-03
7.693618842331995111e-03
7.100525380706920742e-03
7.215875849459471580e-03
6.807229668436498571e-03
7.633811810799709385e-03
7.719158325759811756e-03
6.992434884735027056e-03
6.784872594252921996e-03
5.838160910515630131e-03
5.682702749007617626e-03
7.106298388698736868e-03
8.523410974162703990e-03
6.631827161373476942e-03
6.798869164258911080e-03
6.244480093017354405e-03
4.787184579102848891e-03
6.704486281345595211e-03
6.564942778076648944e-03
6.503771076228972992e-03
5.839369024395607566e-03
4.790530297770725920e-03
4.846071852805750035e-03
6.320010532382042134e-03
5.459099901527861287e-03
6.269024776239695562e-03
5.218298937839926932e-03
5.550832623564372348e-03
5.530123507507658798e-03
7.006247723552114226e-03
5.360950633798031162e-03
5.219175725885288886e-03
6.140246932510431965e-03
5.683649908012650132e-03
5.812280378533929426e-03
5.661316497501206468e-03
5.286275608565371709e-03
5.178438518422437409e-03
6.707650354636704448e-03
4.579002824457834020e-03
5.279319161973813901e-03
5.595889869368722569e-03
5.763897676695856065e-03
5.124433452566967695e-03
5.312745389762285608e-03
5.289548725902856741e-03
4.988887405762046368e-03
7.261200298904119110e-03
5.885256911663139245e-03
4.713596861848495800e-03
4.921325051723213218e-03
5.596833538825202181e-03
5.119721176314179223e-03
6.267775095784688943e-03
4.137800485667308958e-03
4.162134258437449885e-03
4.826759695096341507e-03
4.587989364824240912e-03
4.144761464125096273e-03
4.902577459888646239e-03
5.001314916054086512e-03
4.499470539141042780e-03
5.033406727270400838e-03
4.224455431625487312e-03
4.156393401859997949e-03
4.126969332503852006e-03
4.807421864628791397e-03
4.038068699201188827e-03
4.972732927417233828e-03
4.997216111556040952e-03
4.929308316606026419e-03
4.526431023081964322e-03
4.740766823491199267e-03
4.790929917227973456e-03
4.895365249549255005e-03
4.852263149796143260e-03
4.260344715073471900e-03
4.608270317270207750e-03
3.919496503340141880e-03
4.963163346594218206e-03
6.196068413831593014e-03
4.134469810959523484e-03
4.060077067050305022e-03
4.230754107491074834e-03
4.791270176956269333e-03
4.428063893305536625e-03
4.091409627710554386e-03
4.033990195617842556e-03
4.088418222936193724e-03
3.712154610644294306e-03
3.971252495567789698e-03
5.766289504063520921e-03
3.599356026180972057e-03
4.052212339951774545e-03
4.538477061614476504e-03
4.343615296182046226e-03
4.218295614355077605e-03
4.001342529248969049e-03
3.751512318216493336e-03
4.094631338456417025e-03
4.274298484489624794e-03
3.855766064452079145e-03
3.563110860972884542e-03
4.239168078434898956e-03
4.414143922030072664e-03
4.562536608571879371e-03
4.491731579423952070e-03
3.530342392908475402e-03
4.113510571060699506e-03
4.560670180154741127e-03
6.058550215535668526e-03
3.874066995771585642e-03
4.169873407358859474e-03
6.964652258111561633e-03
4.415215941933517407e-03
3.950409904314694520e-03
4.253415864500620369e-03
3.768651603925823879e-03
3.906829685590251788e-03
3.527317111086808454e-03
3.607674907301572365e-03
4.246734806720262045e-03
4.368568775033360163e-03
3.270314737805687932e-03
4.622440673481137408e-03
3.652760113971892375e-03
3.644273902272496257e-03
3.530616709452011337e-03
4.577179873352682504e-03
3.226857993842494055e-03
3.542953646175961424e-03
4.088418251856351660e-03
4.133522417123794424e-03
3.795184559190034612e-03
3.610569582851178017e-03
2.873939228860075690e-03
3.064639193029281006e-03
2.367140161764758055e-03
4.290018985006457952e-03
3.788238472333144147e-03
3.642006481762438685e-03
4.127970559187427169e-03
3.529645859642424610e-03
4.082298732826908361e-03
3.324705789190710026e-03
3.617464032431558230e-03
2.810985537060106676e-03
3.002965189454240291e-03
2.553530991538016659e-03
3.588131137263639303e-03
3.039829402567320593e-03
2.550003683141746635e-03
3.680403896276704390e-03
4.745480242651686775e-03
4.057578535193326341e-03
3.812923341765930840e-03
3.263406663246398720e-03
3.494495605654804327e-03
3.070750237496824853e-03
3.535464570463692224e-03
2.643391396796826442e-03
3.381837094809880817e-03
3.566352836212399735e-03
2.943098950272310388e-03
3.167000358807084415e-03
3.664120661917111277e-03
3.219855767815027470e-03
3.477568292970509289e-03
3.039841109273189179e-03
3.444963452677390903e-03
3.009162867922632323e-03
3.091897562342585393e-03
3.616452350300294882e-03
3.354135561623755590e-03
3.330749655135620269e-03
2.985598337073624986e-03
3.926476097069392379e-03
3.563022299851448249e-03
3.519651149340746743e-03
3.439089746047396812e-03
3.148841346258951512e-03
3.554256372782990669e-03
3.564646005482882685e-03
3.365462661414853063e-03
3.129306240492818469e-03
2.882555847594767129e-03
3.095068264349992715e-03
3.113496625312212052e-03
2.935212605443771050e-03
3.883657402169893302e-03
3.365498553759893596e-03
3.081386547426151479e-03
2.724537674648350172e-03
2.797209171082198909e-03
2.970626232747866635e-03
3.651798770027150920e-03
3.004596706313034105e-03
3.389165206423044863e-03
2.580368066578672681e-03
3.610173128826277278e-03
2.824283612649206021e-03
2.707038297562691653e-03
2.952079581001160191e-03
2.572374616398961922e-03
3.592931248877329065e-03
2.501322811845785310e-03
3.149888870558822940e-03
2.981977756395623458e-03
3.784916248317921061e-03
3.851635998284891338e-03
2.468366624359563666e-03
2.727200177762068023e-03
3.410961964771072608e-03
2.733551964350253161e-03
2.730679031366589626e-03
3.137581564729943762e-03
3.033082701328862485e-03
2.931931788352035162e-03
3.320269317604193637e-03
3.236279453924489902e-03
2.347320923913126522e-03
2.948654620574475693e-03
3.155990300993949393e-03
3.222215535666914099e-03
2.841058881580676987e-03
3.304791970397291667e-03
2.833251435955599917e-03
3.170730410850516878e-03
2.652541028140276147e-03
2.763480475750437759e-03
2.645588716711916311e-03
9.814370351471443654e-02
9.987957792056803563e-02
6.390118659272268908e-02
4.427398048026985611e-02
3.709033399192755709e-02
3.504776657428887443e-02
2.420718237666938388e-02
1.863801815057322675e-02
1.564106852305553741e-02
1.418329097875604961e-02
1.430552691357749040e-02
1.419656643878632052e-02
1.383101307499107202e-02
1.263620779798466098e-02
1.290930673961659947e-02
1.067327609989178472e-02
1.000614735947799594e-02
8.799434752060214526e-03
9.005929351721564391e-03
8.279468679258925046e-03
8.139001698097961257e-03
7.074135141023771278e-03
7.883336306420296591e-03
6.809876261084951699e-03
8.415181577525021606e-03
7.600392700804176060e-03
6.135479547147978940e-03
7.222373792462988273e-03
6.842308293044316314e-03
5.614090686142270137e-03
6.715796419263259098e-03
7.095320789759121394e-03
5.033506908952892211e-03
6.130500848224806898e-03
6.635718429695597331e-03
5.665262213131100344e-03
5.242901304705990806e-03
6.772787028570551038e-03
5.725952467689324199e-03
6.757526087878801269e-03
5.746477519410347901e-03
5.005488695232609975e-03
6.300099062311353970e-03
5.492392562622461227e-03
5.841524583208815291e-03
5.103301516470287735e-03
5.075886463535642101e-03
5.638259231330697285e-03
4.936908878802326317e-03
4.500029434850671972e-03
5.652674107981564555e-03
4.627005099111583530e-03
4.566973227516285538e-03
4.545963142650530364e-03
4.178246621693429419e-03
4.568912519815115925e-03
4.023401165864429196e-03
3.738858596021049641e-03
4.257363161126959117e-03
4.194269016564139418e-03
3.924205127631086309e-03
3.530003529799527473e-03
3.855994722746017289e-03
3.785210395290852792e-03
4.209846363516844825e-03
3.703348994470112565e-03
4.021212106741375858e-03
4.588391058030397152e-03
4.304331207352962707e-03
4.284467163103475307e-03
3.386728136079597551e-03
4.282355221935568723e-03
3.601753762143000692e-03
3.696001644120816554e-03
3.890782946145310284e-03
3.006007590903872484e-03
4.021055668458950461e-03
3.601760058273728582e-03
3.505804895549025080e-03
3.937482134618267016e-03
3.538941225083219733e-03
3.432424182967963588e-03
3.609187749347805840e-03
4.040661850574459035e-03
3.473757245948977390e-03
3.637707160646999616e-03
3.582015889069506409e-03
3.625649098676381188e-03
3.350264065893837628e-03
3.243536089411885870e-03
3.133399323248423074e-03
3.282090455275304963e-03
3.688647471092681984e-03
3.137175132377628683e-03
3.098555799092378438e-03
4.299296184975140434e-03
4.206246573368405128e-03
3.850336719444041877e-03
3.444109515347959505e-03
2.952889218822474238e-03
3.064428711810479600e-03
3.827732426640306773e-03
3.468045820787010736e-03
4.142970408555324280e-03
2.889965041584424688e-03
3.659918033144832217e-03
3.425168852192600477e-03
2.987304736503035296e-03
2.787618664997812412e-03
3.118056966496682292e-03
3.294797313405248285e-03
3.495755451465340502e-03
3.506426346044783093e-03
3.579954811797791958e-03
2.825830917016436405e-03
3.385407657073735699e-03
3.343498078813664232e-03
3.881753921706782018e-03
3.368304801196264631e-03
3.440483898049587208e-03
4.505137675100912009e-03
3.578710436103207937e-03
3.337761926524560052e-03
2.944753579402659138e-03
3.263517592942716261e-03
3.732250464032166315e-03
3.052485996154083447e-03
3.689074871960323909e-03
3.228633602910313538e-03
3.380911770464858912e-03
2.827115517755857121e-03
3.439971661364310540e-03
4.037478777851752354e-03
3.277560895967923660e-03
3.247026742178193981e-03
3.521953889314560771e-03
3.146721392823514929e-03
3.643570068893389746e-03
2.440448606375100749e-03
3.163667065457564931e-03
4.160082454333691171e-03
3.395229116962286686e-03
3.524595620277501395e-03
3.147489728175453805e-03
3.066088034573227761e-03
2.424673165913854289e-03
3.236047991583196337e-03
3.725235140003252399e-03
3.011689703370623583e-03
3.560483950421827748e-03
2.765961079975579051e-03
3.091737173609693246e-03
3.016444105088014749e-03
3.780930013452782346e-03
3.120085947728334919e-03
3.282397419711646780e-03
3.406644799489794151e-03
2.620106691014145728e-03
2.643106552407376020e-03
2.882946221002963272e-03
4.664675469278706244e-03
3.977679750240201151e-03
3.095262785316715837e-03
3.043765322701064147e-03
2.692708478445368647e-03
3.950669537525292041e-03
2.648970258986249604e-03
2.428436391697583185e-03
2.721449412481508068e-03
3.111702252790643497e-03
2.509071049971584033e-03
2.964697989211936835e-03
3.152308902174924543e-03
3.087823188812330311e-03
2.749169097712750309e-03
3.730900846776366575e-03
3.925251758991415985e-03
3.735173781873296628e-03
2.983482500092102252e-03
3.273028465518773578e-03
2.701410847596147358e-03
2.955370551752586894e-03
2.768841311941092065e-03
3.253661439114596821e-03
2.934695307863000036e-03
3.134209231180962174e-03
3.695300794143152601e-03
2.246390491089184094e-03
3.700484005451906699e-03
3.660128406324625328e-03
2.433127179512772909e-03
2.750973185851282587e-03
3.151516737451232064e-03
2.942945228795984525e-03
2.313616303405652275e-03
2.771057097776932765e-03
3.327821392873811512e-03
2.537336561686351355e-03
3.380911011663281784e-03
3.287312866330147076e-03
3.262563045931407557e-03
2.401517090143717725e-03
3.129312188023897212e-03
3.676565580619822748e-03
2.772555519896552356e-03
2.579350002466618275e-03
2.346230056185588664e-03
3.927846476368068718e-03
2.938425769786770503e-03
2.835311629412348711e-03
2.218325697453948919e-03
3.201216491947170284e-03
3.239539238702696111e-03
2.588512129084841185e-03
3.233280797482598889e-03
2.359767227213316332e-03
3.309263400315648473e-03
2.910548038638868795e-03
2.553954776362304946e-03
2.929842244219410530e-03
3.024412714203589259e-03
2.746332678010443562e-03
2.825154245609404202e-03
3.298487557835072526e-03
3.299934321568193107e-03
3.118304113355882534e-03
3.125449456711282270e-03
2.320013921270652757e-03
2.083053999586637062e-03
2.562410739062478959e-03
2.417013352415342542e-03
3.128262232461598291e-03
3.431090681630361017e-03
3.220935477711447947e-03
2.788075657800898055e-03
2.834488460158240963e-03
3.361355596450094074e-03
2.694444091351277937e-03
2.903254320979001268e-03
3.125357801803257951e-03
3.025431057061961360e-03
2.784263086526697628e-03
3.004419925591389484e-03
3.209304488386729992e-03
3.018997977889070761e-03
2.766940569363968150e-03
2.604016606934697609e-03
2.725252985831649877e-03
3.407482098607916843e-03
3.153784804841713862e-03
2.586010565357066415e-03
2.660229932783614304e-03
2.855028029738471140e-03
3.314657933241454968e-03
3.011081221812206277e-03
3.001002611879952098e-03
2.318284404006942800e-03
3.543570346343019595e-03
2.703480400268229444e-03
3.008719579495333640e-03
2.788373471302604822e-03
2.684676321719980940e-03
3.629989583441919909e-03
2.405866165808734358e-03
2.796261707904507121e-03
2.283357455609202891e-03
3.522040459627132081e-03
2.418283572507368140e-03
3.049179346321220785e-03
2.275867463738714958e-03
3.325945331480686940e-03
3.602043658394518677e-03
2.353174860469001151e-03
2.584314926144248847e-03
2.678672829616146611e-03
2.674767969945562873e-03
3.056781922278942187e-03
3.293960888341398996e-03
3.002854768845139577e-03
2.398564999721672364e-03
2.463664397206882795e-03
3.141269572808996768e-03
2.351901849803966771e-03
2.548596657138954558e-03
2.678600612372225576e-03
2.785562038518346606e-03
2.330852496496269022e-03
2.673715227380135673e-03
2.931346279981913994e-03
3.408575317993753351e-03
2.674256230025290337e-03
3.127494695705834715e-03
3.389192325484680079e-03
2.638313014050666649e-03
2.349119463002966035e-03
2.775189148655599070e-03
2.948191054419388446e-03
2.270615747625756575e-03
2.920075276153843991e-03
2.234490623515730801e-03
7.308569924774094284e-02
1.797277080031546292e-01
1.277451794551403286e-01
5.213205404126612652e-02
4.363600326611880020e-02
4.353509285211018542e-02
3.869797048255646521e-02
3.151598933044544304e-02
2.308376992026767160e-02
1.892849247897782083e-02
2.010071195404675160e-02
1.977580925670979761e-02
1.879964567170561152e-02
1.597696030101762588e-02
1.379082473769691064e-02
1.544387302904107195e-02
1.545218875859724617e-02
1.333211571221433467e-02
1.383840985939402413e-02
1.272210057785004567e-02
1.162016418844355470e-02
1.365047503127965467e-02
1.352128170641693494e-02
1.377454981834148884e-02
1.326474729593470070e-02
1.167654766544137801e-02
1.039965573743950600e-02
1.149164938722355145e-02
1.238437029796329858e-02
1.180338393662615226e-02
1.215396185092118553e-02
1.283645840222669143e-02
1.279096680041576228e-02
1.238593453757746987e-02
1.136768372117211157e-02
1.292202064024880470e-02
1.026888809348819320e-02
1.046179613979396350e-02
1.052474420641918984e-02
1.361971841777531722e-02
1.418224383925684173e-02
1.288391673224413558e-02
1.408454342169225548e-02
1.465832314537181269e-02
1.151126289210722964e-02
9.738431888923010371e-03
1.003263889696812128e-02
8.626130995239567056e-03
9.164833660297327933e-03
9.999001135987228839e-03
8.652691498504727630e-03
8.070403108145829396e-03
9.194099976282718578e-03
1.086536949757684056e-02
7.792306878367599721e-03
7.849206591167140479e-03
7.124489051897303638e-03
1.047110998276468141e-02
1.206987794450203877e-02
1.168261885492949403e-02
9.878031615675644805e-03
1.103727069276976003e-02
6.665972380881429737e-03
8.897863484440882154e-03
6.554100704045773274e-03
6.487511654991603982e-03
6.046310217599867864e-03
6.026026356273889162e-03
7.047263425909125467e-03
7.109314560723375975e-03
7.173896861614723064e-03
6.357088638580796203e-03
6.007607019949248728e-03
6.619676365031704202e-03
5.191822869871631774e-03
5.941552105804132067e-03
5.785088102121929698e-03
7.027811087299995485e-03
6.217882906978389190e-03
6.388150485551857827e-03
6.259616529079622960e-03
7.472311665147793325e-03
7.127082243018612040e-03
5.196867522888420909e-03
4.983585885279279148e-03
6.005547131338107025e-03
5.985128845688331145e-03
6.161121318355930465e-03
8.306562149558521790e-03
1.004099615424255965e-02
8.876420336582355186e-03
7.131540083697707200e-03
6.248739113936141454e-03
7.278098204886257472e-03
7.975077558771179187e-03
5.413583666145527218e-03
5.513318808060510556e-03
7.796714720316247349e-03
5.882176604332045589e-03
5.015827042161608018e-03
5.887636075992089268e-03
5.402323581944465380e-03
5.487499452459881910e-03
5.445302854759026534e-03
6.702869795148419518e-03
4.972855581236917955e-03
5.243819292970450241e-03
4.812205235621050403e-03
4.062741685344553599e-03
4.880066352053874512e-03
6.526232015899580130e-03
5.008050870582925196e-03
5.733430719452578539e-03
5.748304154083672124e-03
4.889892892131403324e-03
4.337221543095806653e-03
4.221527508100023085e-03
4.815001508563454546e-03
4.807950636765701002e-03
4.239897145028329040e-03
4.570305474231706189e-03
5.520143693675108598e-03
4.954802475445344023e-03
4.574740244244493437e-03
4.901094853933252171e-03
4.272553968256598278e-03
4.391360007275246780e-03
4.476585781061831470e-03
4.361569473409682152e-03
3.679403665069982954e-03
4.284097244175860686e-03
3.826708720265456498e-03
4.812444172057214753e-03
4.349545762539833160e-03
5.854296692149332793e-03
4.796180626813917325e-03
3.813689157432992305e-03
4.328187157368115767e-03
4.594838812567600406e-03
3.966201839681562924e-03
4.342026359828721205e-03
3.910675099439528402e-03
4.174330297221182096e-03
4.684448494674697816e-03
4.250234581350917362e-03
4.634179912758315534e-03
4.702275194624086496e-03
4.850167184002454612e-03
4.495242774842381217e-03
5.042061720378868128e-03
3.571021031270438240e-03
4.494930290965870601e-03
3.902619318731453957e-03
4.158029449479988537e-03
4.773954916564127071e-03
3.635983147904753299e-03
4.418987506006513688e-03
4.424103833277806541e-03
4.617701385836933681e-03
3.945004926311015958e-03
4.416241657958411282e-03
4.108588657334211192e-03
4.071530028882122676e-03
3.825784577811158771e-03
4.312673483796061746e-03
3.710825482130655772e-03
4.601319260004413381e-03
3.865219068879183206e-03
3.679232770206125602e-03
3.710009939114161659e-03
4.096316197817598259e-03
3.712684766863511010e-03
3.728104992174144372e-03
3.563120888593479529e-03
4.610519799776668926e-03
5.605966350538726939e-03
4.634779756265028361e-03
3.693149751930357994e-03
3.161445135742860235e-03
3.568907977867338821e-03
5.081646000709108546e-03
3.419611919856097026e-03
4.048376170993170375e-03
4.053681329530045563e-03
3.644220095920872038e-03
3.747029832554496509e-03
4.284479566137991413e-03
3.883928557385951663e-03
3.706598976191216588e-03
4.080981271384051534e-03
3.566482671315596154e-03
3.597694464232192857e-03
5.598873758221947772e-03
3.948394426462456530e-03
3.576052109348221153e-03
4.365775253935347266e-03
4.395495101204696664e-03
4.326162544396883192e-03
3.684616494498971218e-03
3.885489880877945890e-03
3.789076043284461681e-03
3.141488340004661151e-03
5.216795028928231104e-03
4.846258723280233438e-03
4.459966337801143932e-03
4.679622940308617030e-03
3.418649208503848902e-03
3.759282229387553298e-03
3.483389376961132378e-03
3.828236472000201562e-03
2.899642681799666222e-03
3.535251815809090092e-03
3.886765804553993231e-03
4.149502044350716901e-03
4.294424624037382343e-03
4.116759372451275767e-03
3.755425666872855284e-03
3.633500363699235236e-03
3.619659448252210421e-03
4.652593901436685719e-03
3.712352126282555953e-03
4.063582492512110567e-03
2.657480178556256845e-03
3.394154383189393331e-03
3.807697940947304960e-03
3.532323212260060630e-03
3.777704329467085342e-03
3.571576309723475950e-03
2.722187549374643911e-03
3.220103200995055870e-03
3.245371384289860717e-03
3.167278047936691876e-03
4.315268025032958921e-03
3.341671146282435001e-03
3.396652978113520738e-03
3.851447881744185509e-03
3.712832693293394160e-03
3.848768737524876915e-03
2.940517367268205562e-03
3.640250227985253328e-03
3.199590990150213976e-03
4.091092520367892171e-03
3.872273228293254821e-03
4.219011929323182586e-03
2.947328220763781315e-03
3.226818761925681622e-03
3.232567853909767974e-03
3.179882954759655211e-03
3.921530800649053461e-03
4.005431705337014758e-03
3.494657616678970014e-03
3.521067952161699433e-03
3.275448471353817337e-03
3.461327421931004178e-03
3.536946637350824041e-03
3.908654933724983738e-03
3.566191810808097551e-03
3.329349058925942795e-03
3.312218791601553858e-03
3.527421818592058056e-03
3.462665381856272484e-03
3.282016780637081466e-03
3.802289584636395214e-03
4.439222463641590011e-03
4.096064452927969390e-03
3.540019228540969287e-03
3.226001964360042384e-03
3.594167975680462312e-03
2.674301577736321045e-03
3.295343009555418146e-03
3.881981170963874628e-03
3.100441405297915676e-03
3.411791028254035352e-03
4.263331707143325211e-03
4.529187571480991492e-03
3.461142735440833618e-03
3.716892712236172236e-03
2.839179551969758797e-03
3.461178970795508736e-03
2.952255466506611969e-03
4.041938759710136941e-03
3.105859599185550879e-03
2.719764549244427232e-03
3.536548471277212169e-03
3.145300228066055803e-03
3.391228779954458261e-03
4.386635338005748230e-03
3.724935497839670928e-03
3.258499648251630965e-03
3.134832230224079974e-03
2.886494954117371781e-03
2.644261648502718720e-03
3.991707065084643125e-03
3.197462239014403629e-03
2.624751837417671485e-03
3.963093230363881614e-03
3.162248519934560131e-03
3.972399442247115386e-03
2.923825258224169166e-03
2.937127345389284327e-03
3.729288181879120145e-02
1.009212916268330262e-01
6.037335699134249722e-02
6.138406586121308850e-02
6.765307914561746738e-02
8.160099889289801345e-02
4.567884751092589346e-02
2.245083511396303577e-02
1.943227652722828713e-02
1.606385546616104221e-02
1.426529270710588659e-02
1.427096197161401014e-02
1.308852849695657516e-02
1.112015385269678192e-02
9.806207332765964901e-03
1.059863653901722824e-02
1.115723093762115148e-02
1.075797129477006064e-02
8.525175682044194847e-03
1.107733129433814689e-02
1.022354131230383822e-02
8.306325260367494745e-03
8.936991166449900770e-03
9.367531150441241183e-03
8.279250043555064220e-03
8.612080994603171780e-03
1.002050437454085619e-02
9.108212012663707835e-03
8.904029085710335467e-03
8.207198816074096070e-03
7.358748355809019426e-03
7.149321489683793662e-03
9.364803709291186218e-03
6.862650889367466478e-03
6.554494023127327429e-03
1.058616525702231470e-02
8.505818685069430063e-03
8.142029929223887352e-03
8.536753725680357174e-03
8.607380991114937929e-03
8.427903070238801364e-03
7.865212495909643109e-03
5.324011522167160226e-03
7.678136720892611566e-03
7.659999135613854149e-03
5.947274125072551931e-03
6.595277667791457632e-03
5.465992194240751334e-03
6.696430948154835638e-03
6.623843177623545131e-03
6.534335250780703985e-03
6.157396565025397006e-03
5.836521355154125623e-03
5.418029996598239251e-03
6.935453001550934138e-03
5.954705534362517150e-03
4.914103037881104030e-03
6.675166768290885511e-03
5.273060742615756635e-03
5.931073862107727468e-03
6.200152711114695347e-03
5.956794909888749046e-03
5.481480012920050826e-03
5.951743710692625200e-03
5.078867553672067325e-03
6.619971839792571089e-03
5.533494429618007748e-03
5.847039222727445917e-03
5.209151598175990050e-03
4.997432850798969040e-03
5.290349856103021553e-03
5.166351079324185691e-03
5.490531842417309405e-03
5.040229704916160403e-03
6.040581782511406095e-03
4.567028010512202973e-03
5.265384986861326722e-03
5.374152488937106176e-03
5.616332251627387251e-03
5.563642801309165442e-03
4.927888800209057063e-03
4.998910937400527499e-03
4.361852717491801479e-03
5.303852038127901403e-03
5.412022193304000250e-03
5.652209359647539233e-03
4.748749101242705217e-03
5.114316570065197132e-03
5.897230966710728661e-03
4.888488773612656435e-03
5.702305443550159669e-03
5.049040477291100171e-03
4.746655599213389642e-03
4.301624758937583337e-03
4.551121368578353588e-03
5.072902678222163120e-03
4.099537747520892728e-03
5.075808499779177474e-03
5.274033878741313242e-03
5.642937957982388508e-03
5.494596874493537508e-03
5.555882994037836253e-03
5.596289031084722421e-03
4.451985429212518275e-03
5.013630845107974743e-03
5.466177291931439974e-03
4.720315472477740193e-03
4.825337259168241411e-03
3.925650521660273284e-03
5.255532429867801336e-03
5.230143177358162476e-03
3.437806924781877660e-03
5.766239504515532910e-03
5.583717338058957758e-03
4.292756031812117179e-03
5.769557962182106370e-03
5.589296632963203226e-03
5.398018186327707690e-03
5.370797710248648160e-03
4.295908575411372388e-03
4.348770307611021790e-03
4.778839024369069266e-03
4.746300885203863507e-03
4.326239055016944945e-03
4.074762597008035891e-03
4.205638410110637548e-03
3.939622964492517365e-03
4.394611991531544026e-03
4.720704472376394123e-03
4.341003999435016913e-03
4.124798210053542968e-03
4.389766337471873170e-03
4.751665526457671263e-03
4.798595095985902503e-03
3.467478599901499536e-03
4.165155289458932764e-03
4.218585069949362665e-03
5.710509267618388285e-03
4.187520059327751176e-03
4.611382557079116151e-03
4.671939151427745296e-03
4.864280608859017363e-03
3.698032765057035487e-03
4.064884834037829631e-03
4.714689047833647839e-03
4.564382703971248123e-03
4.252407277239134142e-03
3.659638000730033869e-03
4.333429552405898555e-03
4.253225994795523102e-03
4.822067554138526058e-03
4.482978532113740533e-03
5.164736886381166014e-03
3.770181213410050969e-03
3.757333912887433902e-03
3.890876801037196353e-03
4.534160680420618039e-03
3.564349975534897297e-03
3.919294828231209560e-03
4.261990210939356483e-03
3.891972060614687368e-03
3.714079689701998976e-03
3.836718241085779191e-03
3.673875570874091112e-03
4.138849623390561394e-03
5.144917188067962832e-03
4.733988198918070989e-03
4.332136394210442387e-03
3.681845912724010517e-03
4.212997118953551445e-03
3.920995405379421039e-03
3.544550418687730797e-03
3.879028194767264459e-03
4.077372910810006523e-03
3.558138990742254482e-03
3.365085608821066776e-03
3.660539463434184237e-03
3.272136936595060330e-03
3.697028264859195112e-03
4.269185854584203743e-03
4.533892441833886622e-03
3.258492978992028055e-03
3.498721003824756259e-03
3.910264260422097182e-03
3.523827480509750254e-03
4.003943292680292587e-03
3.312941618060866178e-03
4.560940492327830720e-03
3.789022763060131971e-03
2.613299311513106460e-03
3.359269593153219047e-03
2.948789445977123558e-03
3.331598822445172581e-03
3.811356718687902712e-03
3.425825266621440601e-03
3.316837228198907250e-03
4.585041388777147398e-03
3.347742239043605128e-03
2.762963884590269315e-03
3.536963795038997049e-03
3.149994502460784496e-03
2.853375007819250464e-03
3.768442414642830807e-03
3.605825097551737524e-03
3.406833004014730992e-03
3.341050151615607144e-03
3.900916325802111784e-03
3.494291548105390999e-03
2.952415873351710296e-03
2.901798432388177917e-03
2.775739697492882185e-03
3.189822619227455913e-03
3.192803874471919490e-03
3.057780421869077392e-03
2.605998785961738395e-03
2.918320949822320043e-03
2.623795273303142217e-03
2.587018896211046304e-03
2.893389093767267939e-03
3.711353185756646744e-03
3.144317482472319680e-03
2.958839778339633630e-03
2.866528384949579289e-03
3.592855980476164501e-03
3.841483627574790449e-03
3.439311879112103010e-03
2.708523623151076754e-03
3.836808774497352248e-03
3.695773832064166986e-03
2.780835847013066187e-03
3.328671815306938342e-03
3.587544640329648482e-03
2.738596514978722252e-03
2.808502965196538192e-03
3.471497743245843814e-03
3.335980642184890876e-03
3.331910661092424286e-03
3.353704955311245794e-03
2.887705354596009633e-03
2.872069705731811196e-03
3.118403821607385051e-03
2.667494477637699646e-03
3.554275208688867371e-03
3.040878040062588994e-03
2.985840088300134587e-03
2.970875959969546121e-03
2.752332809154003912e-03
2.585533548783755520e-03
3.080454860677012130e-03
3.487021814850943535e-03
2.801038447196105285e-03
2.978471578020530641e-03
2.883139315331642583e-03
3.161090651833994847e-03
2.823828736698244524e-03
3.028410522396066118e-03
2.341017255295035904e-03
3.106614751804293029e-03
3.406028596212251625e-03
3.613093053889751549e-03
2.522973826230803795e-03
2.646456673774819079e-03
2.603483519909410848e-03
3.587502554381186148e-03
2.734984477936214242e-03
2.724830830440727603e-03
2.690896055585312308e-03
2.678842984086465817e-03
2.541239962269806196e-03
2.645617728383620193e-03
2.900721439874298646e-03
2.992284616595550228e-03
3.186805953233368127e-03
2.286166345394691213e-03
2.753335621391239663e-03
3.828005758628794108e-03
2.377482897209737267e-03
2.829384700710688150e-03
3.470325619922123850e-03
3.494549213463357673e-03
3.784493711523326254e-03
3.994548869078892728e-03
3.400929123001994459e-03
2.458020240352548624e-03
2.386860241530147642e-03
2.336915944960826774e-03
2.999469582761704611e-03
2.532099804995482928e-03
2.881492025630497111e-03
3.673521885491776162e-03
3.511311500636271621e-03
3.327630052279317852e-03
2.713489959422527020e-03
2.192637779313791335e-03
2.255234126605942802e-03
2.641873994676371962e-03
3.746620708512810038e-03
3.917722969337317229e-03
3.655041609765138921e-03
3.381886943299300397e-03
1.108863782727237124e-01
1.342713833480489449e-01
9.386524874257669293e-02
5.406909520341995901e-02
6.390191122667157608e-02
6.054564139126819566e-02
5.762233903208069385e-02
3.328303921436506774e-02
3.031039205548735627e-02
2.543060970810365196e-02
2.146029063397761338e-02
2.156274213320980015e-02
1.842134591117126907e-02
1.659013368358512597e-02
1.779485392202920235e-02
1.450145343479802840e-02
1.262463610591949004e-02
1.375632084923612830e-02
1.119811436658869896e-02
9.307885246487110353e-03
1.297343411629206522e-02
9.004831356048570434e-03
9.502897315808264689e-03
8.873015365136988075e-03
9.186683712431073512e-03
9.064698547703267661e-03
8.872114726876920154e-03
8.289706530151208508e-03
7.528160289786076098e-03
8.981784680622079131e-03
1.003534669524598633e-02
7.726655263736337265e-03
8.848148010239018091e-03
8.090326611690706882e-03
6.905706696599178684e-03
7.352398192884440631e-03
8.450959127857912700e-03
6.686736416824823337e-03
8.026359455579792912e-03
6.787645946712314582e-03
7.725174872106041479e-03
6.716463498732075377e-03
7.510065894792097851e-03
5.079604570007209552e-03
6.819560160374577018e-03
6.579658721864278803e-03
5.409006299619531499e-03
5.789468729403196567e-03
6.095712050843110630e-03
6.482282067628353239e-03
6.191775034004282086e-03
5.129335438247104029e-03
6.059515993255007449e-03
5.394703713450660354e-03
5.354542058889133482e-03
5.632667295986104605e-03
5.343160757809564676e-03
5.822560203595755768e-03
6.637321613104124607e-03
6.180518236666820986e-03
5.541484839996724254e-03
5.335663998529388552e-03
6.144381908091092748e-03
5.298027943352087710e-03
7.152236266249792362e-03
6.224778878730297116e-03
5.835294560059933744e-03
4.510632905559266992e-03
5.361569213922542931e-03
5.207414552074546288e-03
5.587372539057652854e-03
5.873092330512391657e-03
7.134049923540677907e-03
6.063310262371168768e-03
5.422144278664775552e-03
4.530614755417244899e-03
5.005395595819014942e-03
5.267451449545546005e-03
5.350259117984590418e-03
4.892264825915315640e-03
5.343791858633137326e-03
4.786252304746191344e-03
4.677445021936094127e-03
5.836526146292583817e-03
4.639685623129469194e-03
5.350216945268909674e-03
4.885023418021508523e-03
5.580633928355990814e-03
4.955264238769491181e-03
4.464181758338292560e-03
5.103997365527856989e-03
5.592058986855094616e-03
4.615978917155594274e-03
4.432333407752162002e-03
4.772130744902791655e-03
5.129237559003324565e-03
3.625999890751935295e-03
5.186518511859916636e-03
4.428299318717215938e-03
4.016325856548388917e-03
4.476579314859396863e-03
5.839210941680328393e-03
4.776016855114528781e-03
5.595598406033269745e-03
5.155829119587354570e-03
4.015244115006588732e-03
4.381100849079222481e-03
5.165900788664079535e-03
5.359297076139191152e-03
5.150695524269832681e-03
4.748795123866042522e-03
3.777397064484960820e-03
4.504480660077928023e-03
4.493015749447104579e-03
4.154960122455225724e-03
4.669175219245202957e-03
5.523783841986790177e-03
4.460955798812935025e-03
3.941727853981821794e-03
4.221068909546515924e-03
4.997864381051653204e-03
4.041083430886299732e-03
3.609077438075730671e-03
3.325042433504440953e-03
4.635431275983523114e-03
4.583509514049149969e-03
5.555579076268191141e-03
5.131146346906714784e-03
3.174799017830146064e-03
3.906755909599810006e-03
3.765151614048792283e-03
4.185726245434173709e-03
4.453745643675233179e-03
4.395519522543814284e-03
3.470122843845527272e-03
3.588702843512578400e-03
4.257444262902226884e-03
4.005175101580077390e-03
4.869273490441999863e-03
4.607602061957455364e-03
4.220713951602603209e-03
3.039659596639529560e-03
3.749809935097478397e-03
4.355587793344065095e-03
4.832699515230132192e-03
3.586836992266723145e-03
4.336278856552952532e-03
4.453835199196828909e-03
4.416920210107519451e-03
3.600071179580291436e-03
3.749815137889994654e-03
4.258924395540097940e-03
3.593495328969187330e-03
5.221076646533442944e-03
4.828305793375883836e-03
4.167933243586732783e-03
4.813077628750758730e-03
6.597096503165436610e-03
4.052991697071642307e-03
3.858895965378777992e-03
2.745778471345786120e-03
2.748762425990092240e-03
4.048619526476726627e-03
3.898554079118488058e-03
4.031878989402729041e-03
3.706312810056261453e-03
3.697809150549027923e-03
3.844120202677783760e-03
3.780727289490845577e-03
3.219154197986157095e-03
2.677244589462543511e-03
3.090052856354108535e-03
2.789990127111258156e-03
3.204485729193295995e-03
2.818396546242857292e-03
3.145311892967989076e-03
2.812575831924457592e-03
3.049466000997119730e-03
3.900579580453394923e-03
2.952048268174245482e-03
4.010293020351468618e-03
3.029046959785425264e-03
2.582011028890329740e-03
2.854388229892645956e-03
2.654836422257306205e-03
2.641317441832435886e-03
2.621774833574910812e-03
2.724137809089380302e-03
3.094921606084460874e-03
2.700385347670947178e-03
2.743230382409880819e-03
2.534642601912731608e-03
3.016085924318817613e-03
2.816876961935332879e-03
2.264541083670343347e-03
2.765972896279042526e-03
3.683782270816421400e-03
2.448002803444523923e-03
1.937351149193133892e-03
2.657001166480862930e-03
2.254851851581793354e-03
2.800043029981741372e-03
2.599376398402686306e-03
2.295366911508264773e-03
2.250013757346971954e-03
3.017878249342145769e-03
2.655932596193899542e-03
2.312927995498065270e-03
2.874433583132426917e-03
3.998743526748144150e-03
2.560829035247180752e-03
2.878926195529735166e-03
2.428109676101131154e-03
2.341471452391954977e-03
2.148787571815621855e-03
3.414241050183342008e-03
2.671448700176104474e-03
2.212760943728964147e-03
2.139809807658210605e-03
1.928283596021762580e-03
2.173181285084646586e-03
2.122400369939492215e-03
2.296587106048741944e-03
3.024344460651195998e-03
3.061277133979523057e-03
2.584370385239773138e-03
2.839276880076610499e-03
2.463074025663120059e-03
2.361903055367403637e-03
2.127937461583351286e-03
2.480038085804242565e-03
2.497476716956756326e-03
3.099323187374075639e-03
2.562285917081144615e-03
2.359928223526361335e-03
2.492515669661576894e-03
1.915615124420053106e-03
1.939286208134202716e-03
2.763300714244104617e-03
2.168272067576929030e-03
2.305736430150140404e-03
2.166714502609759507e-03
2.199098271562852092e-03
2.919836378087389828e-03
2.072056845252245871e-03
2.033541818619089003e-03
2.304120182731725364e-03
2.129476673370545026e-03
2.612848522839578136e-03
2.161918583696714746e-03
2.914238196112653445e-03
1.996333217071627475e-03
1.676220461672303652e-03
2.907229116625067999e-03
1.827364348005774963e-03
2.049038826862206730e-03
2.001967950844674160e-03
2.715208096820520556e-03
2.341631020395626428e-03
2.349603264346356024e-03
2.589802370677699028e-03
2.199519235174848819e-03
1.918275011656658813e-03
1.884783551004895474e-03
1.782931209407395690e-03
2.023643665766725053e-03
2.030989402437233249e-03
2.294014189023307893e-03
2.802049873102091526e-03
2.287822082775614607e-03
2.331597865390111490e-03
2.330851677279657808e-03
2.150143654427838502e-03
1.852978974374461241e-03
1.922994746530931609e-03
2.018802981773634708e-03
2.313940476508527522e-03
2.563061980228431569e-03
2.280708587823476741e-03
2.623734003929567571e-03
2.021380515709284009e-03
1.785111572907574495e-03
1.741749067645237403e-03
1.909806369335728671e-03
2.076275768984600645e-03
2.599658927601083969e-03
1.912499627551286774e-03
2.030033537105638275e-03
2.905901903955926402e-03
1.992475599630560978e-03
2.216490703302362308e-03
2.023914983373398258e-03
2.905057089217372157e-03
1.812526744022657788e-03
2.271278113866556647e-03
1.904096948053476956e-03
1.953711035685007369e-03
1.596682239263430558e-03
2.106694858583738061e-03
1.818092274900998118e-03
1.024380438715470770e-01
1.087015442432854445e-01
9.972487783004145567e-02
8.152480102101002102e-02
5.336415781006538517e-02
3.539716440039647471e-02
3.095446252878883420e-02
2.675871979523831989e-02
2.444577934015222664e-02
2.296280639133230217e-02
2.058327981797145045e-02
1.770859889341099003e-02
2.132860298486180528e-02
2.070872175169029272e-02
1.709853421878826385e-02
1.628200761182853340e-02
1.624547595930754540e-02
1.606781193419196119e-02
1.491520129714209164e-02
1.308618050525121868e-02
1.530245441655897487e-02
1.292371107341570846e-02
1.371554784439871222e-02
1.357667086115180166e-02
1.103737644668362217e-02
1.251761712964960527e-02
1.470434320431150688e-02
1.159709483647802797e-02
9.325695705674541536e-03
8.998874179203933399e-03
9.713217678369065466e-03
9.581305794872624348e-03
9.034143560949989271e-03
8.928133481492933621e-03
8.299922599166967285e-03
8.854566764472118767e-03
8.838703922307483696e-03
9.213364005283899982e-03
8.457539988600062952e-03
8.903925741581927844e-03
9.539071741356472400e-03
8.596025944444640743e-03
6.770258822614130811e-03
6.457052233318077983e-03
7.401782651552862857e-03
5.408109519513287777e-03
7.577146221385583358e-03
6.494683923564198436e-03
7.282368243474779401e-03
6.887080788025135014e-03
6.525397476453517753e-03
5.377275885484450457e-03
5.502637260019205279e-03
5.236349969295533979e-03
5.646386317450596826e-03
5.371652968476484102e-03
5.896699797835636137e-03
6.064197013343597398e-03
7.403724652965307240e-03
5.834997360126506494e-03
4.907033180035533237e-03
4.633370086351396022e-03
4.457880775053310596e-03
4.401628318023570463e-03
4.436620175152006240e-03
4.638925967272083950e-03
4.247152842923096472e-03
4.409205568574589562e-03
4.350603685358528372e-03
4.477956919677367198e-03
4.829219882067053993e-03
5.293136032335152286e-03
4.066017268513105742e-03
4.788680093454414366e-03
4.392271646412246322e-03
4.479311252620105099e-03
3.656112989966639470e-03
3.487665294572922514e-03
4.828407172595264307e-03
3.789597787309764709e-03
2.836523996749565346e-03
3.239592695099394182e-03
3.501394228320908741e-03
3.615062736591803660e-03
3.627279080278100754e-03
4.065949701386933901e-03
4.010163087275642191e-03
4.227443352095891504e-03
3.113347924961734625e-03
5.281696334694135908e-03
4.601241570505731904e-03
3.966386387693157656e-03
4.118443710801222846e-03
3.717955542285308890e-03
4.593445308584881426e-03
4.399008618786975910e-03
2.973863255128161853e-03
3.543589531230198486e-03
2.932042589564864965e-03
3.475544712330358443e-03
3.436824481658745656e-03
3.279684961679754651e-03
3.145332221232796654e-03
3.617087738416707721e-03
3.468076469887115820e-03
3.930263475083087266e-03
3.435764437828864315e-03
4.309432533475557325e-03
3.528821255670597234e-03
3.381980776344967188e-03
3.707389206142761018e-03
3.257990509413888347e-03
3.491675138264621614e-03
3.660969373100897428e-03
2.915172637057428240e-03
3.688605103083442138e-03
3.211582776514759763e-03
3.960054214270994355e-03
3.928676513055034958e-03
3.668550208614243524e-03
3.941078863256564091e-03
3.462042843925372537e-03
3.370741910630345450e-03
2.759930133953050757e-03
2.352579333255735983e-03
3.498611589394545751e-03
2.836125916822460069e-03
3.407959269869045849e-03
3.173979918531050215e-03
3.096015550768591029e-03
2.726944010669293816e-03
2.790500838364518010e-03
3.534098057496479206e-03
3.117466293847542813e-03
2.690970972762898872e-03
2.986015483513335123e-03
3.231004680922272554e-03
3.045301114686177479e-03
2.835449281701069024e-03
4.180504990308878122e-03
2.819462174681902633e-03
2.976294011271252149e-03
2.527446678546832470e-03
2.790666739641803340e-03
3.375984699104814246e-03
2.865263909948595478e-03
3.447836291644745810e-03
2.997236540720052411e-03
3.177709754410396048e-03
2.871151460730914096e-03
2.717549054980145096e-03
2.992769885133181318e-03
3.203850506092648098e-03
3.948398034246167199e-03
3.346771412991667027e-03
3.190369240674534312e-03
2.870071944331448188e-03
2.435366210091216566e-03
3.408271001023033264e-03
3.371093411873832268e-03
3.090304524435302791e-03
3.192137076572953980e-03
2.516065249390214698e-03
2.702218142886514407e-03
3.706164617167426178e-03
2.546647388759704089e-03
2.846495562674189461e-03
3.683569762636063061e-03
2.844494418310999917e-03
3.361525850588825692e-03
2.378839781835367928e-03
3.376740204221281849e-03
3.068878350163270485e-03
3.263192891132984941e-03
2.250875931782150841e-03
2.683915108142254091e-03
3.017261262736575800e-03
2.651103849121719258e-03
2.693448283736840643e-03
2.782135825199621992e-03
2.965466911380804094e-03
2.561530594835201291e-03
3.575501686397516976e-03
2.665060175362998773e-03
2.042799301736814011e-03
3.026519112831596581e-03
3.226238437210440790e-03
2.393714758467099801e-03
2.986202120712891372e-03
2.277737742522226161e-03
2.793581645972528782e-03
2.965929341363290894e-03
2.900923285227868798e-03
2.384454766781285429e-03
2.773033288389126216e-03
3.045860186540183534e-03
2.455632501798046818e-03
2.658999156398916819e-03
2.718752822255657287e-03
2.767663699251285414e-03
2.459344535598276260e-03
2.241531054090903363e-03
2.455164139710613869e-03
2.635759611668661573e-03
2.637610495085859763e-03
2.627868957456744314e-03
2.468575488537863571e-03
2.513389147297651061e-03
2.145022863390022572e-03
2.643647136333027170e-03
2.665723402997199898e-03
2.662985313354279682e-03
2.022433433550990811e-03
3.183594590547386693e-03
2.741125337891503477e-03
2.155361491029419985e-03
2.787133908347172451e-03
2.782268773340368373e-03
2.474976552917063088e-03
2.812986731094077597e-03
2.675160301985834987e-03
1.768198719665908802e-03
2.014505977571606765e-03
2.020543117215417572e-03
2.770853476206411314e-03
2.020897608828814418e-03
2.496302623095331130e-03
2.321713573502290351e-03
2.646266214872100564e-03
2.291716277874486507e-03
2.741328824262034836e-03
2.705023991798546912e-03
2.672028592129463420e-03
2.215128432778268319e-03
2.195368022908220085e-03
2.571712316089311279e-03
2.701508498453561447e-03
2.546464006233900568e-03
2.472405489726131611e-03
2.557336027417284052e-03
2.579305374747042912e-03
1.982531779073481992e-03
2.060300480570570469e-03
2.151652095457090574e-03
2.104884174441559730e-03
1.740965782904085879e-03
2.633305830500351497e-03
2.189139322261668408e-03
2.324753122684791729e-03
2.808976780088220937e-03
1.999712225204341998e-03
2.053056993604890357e-03
1.970981700105997603e-03
1.775542916255312687e-03
2.192252086252538534e-03
2.158426674619698393e-03
2.103389632303456769e-03
1.611853235050961231e-03
2.206724173726484772e-03
2.151503068218749148e-03
2.408621506846606031e-03
2.076265786120648493e-03
2.240761099395111033e-03
2.174123838364752648e-03
2.713901534922458225e-03
2.559252590108501701e-03
2.888289342164285234e-03
2.664843503104849520e-03
2.555116224957687532e-03
2.187296846139205608e-03
1.662058144649536384e-03
2.308928228202153377e-03
1.930673064257523719e-03
1.777577949954839420e-03
2.138057829136424948e-03
1.734363448551698439e-03
2.054634513424052900e-03
2.211059226483153006e-03
2.020161263805025920e-03
1.521233922827602836e-03
2.103871159143372305e-03
2.373046408999449075e-03
2.452177558714185857e-03
1.725171202390574088e-03
2.045905835294015152e-03
1.584018292450029008e-03
1.616213527191240340e-03
1.720132591144438172e-03
1.723673804659320297e-03
1.820129733473355160e-03
2.190384320162663823e-03
1.688075469686467489e-03
1.989235311073228596e-03
1.660001058070084690e-03
2.555709565020353180e-03
1.964373599704652418e-03
1.313841753725952799e-03
1.699530787481542959e-03
1.868908304587357794e-03
2.438817285190908457e-03
2.099730573151343815e-01
1.154387532796539301e-01
6.437324906360071541e-02
4.720070651015523255e-02
3.521271123338580444e-02
3.373325529710630155e-02
2.912714938708074741e-02
2.958389994915480714e-02
2.190044449646914859e-02
2.103266116387690621e-02
2.060738725390977300e-02
1.901881251036464937e-02
1.685035243672748650e-02
1.860603870345617361e-02
1.641715492665639375e-02
1.666338415336759970e-02
1.484223134222573126e-02
1.439298580027971453e-02
1.506111890280267818e-02
1.466856841425610847e-02
1.457121737224301161e-02
1.227101782999252821e-02
1.405855403367790857e-02
1.050355302577048178e-02
1.177712835594520169e-02
1.201827566438690154e-02
1.265933992227136207e-02
1.114101932042380061e-02
1.202101134251828962e-02
1.278851119186592833e-02
1.230142050428909006e-02
1.151185641640474489e-02
1.162724605955089974e-02
1.141105979050652253e-02
1.075958585428096748e-02
1.017703979729894792e-02
1.178367782285792698e-02
9.786980394822786256e-03
8.651355874850427674e-03
1.080214647982012666e-02
1.085884874535082700e-02
1.057386035321503104e-02
9.000002284431624089e-03
9.882853675014721673e-03
1.026623740163984388e-02
8.569145509477751887e-03
9.951758399791232890e-03
8.932582730004995364e-03
7.476517540239230319e-03
9.225738674019282048e-03
8.955414227600017041e-03
8.637566057425077881e-03
9.322501357652224208e-03
9.326171178543174456e-03
7.728549253882749381e-03
7.683613149293513911e-03
6.812983282796516993e-03
8.087708348988670304e-03
6.734263125295278374e-03
7.590901534217556201e-03
6.949995134700334698e-03
5.485077567069673865e-03
6.314381165234361770e-03
7.055127543206404783e-03
5.788351175414915839e-03
6.542594115360636509e-03
5.529721663191045078e-03
6.461412048167358702e-03
5.891554449333008536e-03
5.147405887365966159e-03
6.110441913385708523e-03
5.705704380811443821e-03
5.391474460434850235e-03
6.765474085533018656e-03
8.095712779653568836e-03
1.034573742950960218e-02
8.039144736432454752e-03
7.542774840742810794e-03
5.394172539363598085e-03
5.317312405279120413e-03
4.944988681481160553e-03
4.795168903229757307e-03
5.211242753695610741e-03
4.384873027361360642e-03
5.358100562186218774e-03
4.553173447697678178e-03
4.265847634806377298e-03
4.756830981245616097e-03
4.273541934208688331e-03
5.315129656194489405e-03
4.688161531758341938e-03
4.909798493270361996e-03
3.285722599403476107e-03
4.373509095895802834e-03
3.705383633989423053e-03
4.256495642165333826e-03
3.855572458121764301e-03
3.822480927514221305e-03
4.216236241573897980e-03
3.832743691018658527e-03
4.275275239130321703e-03
4.193522420492659664e-03
4.329736027637046125e-03
4.147662700061727215e-03
4.534408117082555645e-03
3.436882541137553648e-03
4.120109499069102288e-03
4.947258803433468577e-03
4.333441382123714991e-03
4.336910605975574651e-03
4.397664394858780135e-03
3.953552002297272550e-03
3.889296844840656187e-03
3.152610966670563175e-03
3.628287490918508107e-03
4.288462117568211940e-03
2.940186829627863818e-03
3.997824588512596811e-03
3.410612397759638093e-03
3.923057846508218316e-03
3.568956419773353095e-03
3.971086273481833073e-03
3.741671262580112400e-03
3.160547707642707982e-03
3.559664135871540291e-03
4.021834656650347117e-03
3.088414402440994855e-03
3.754471042210646980e-03
4.493303203626897169e-03
3.169058695432741546e-03
3.434841778440972382e-03
3.653821996713102482e-03
3.235058853328115491e-03
2.845786276457734632e-03
3.875777007155828402e-03
3.283410989417992476e-03
4.483196400835026685e-03
3.478884949647417790e-03
3.209953535851600703e-03
3.429298131107247349e-03
3.786078787739927121e-03
2.969297839698084585e-03
3.441956732726098034e-03
2.741683890304505433e-03
3.643493285284279959e-03
2.920945875240221756e-03
3.339207670174343390e-03
3.336980297091257652e-03
3.679753820925002472e-03
4.288857270542012490e-03
2.718201311588772096e-03
3.088426686711012725e-03
4.663474440956077993e-03
5.793357630469009312e-03
3.999820014359431464e-03
3.110551647067527625e-03
3.274497167660414543e-03
3.187776773858522206e-03
2.528555289548317653e-03
3.089203493788647559e-03
3.052754459131543086e-03
4.154753079439618690e-03
4.008561554686568273e-03
3.103053433626976054e-03
3.538244373126914200e-03
4.324627662776858728e-03
4.936502430644945649e-03
6.275835131513640697e-03
4.218967673290233145e-03
5.119434446348020140e-03
3.792294189472911192e-03
3.840306675238699952e-03
2.929302868415764594e-03
3.022905936604106114e-03
3.224429994198488303e-03
4.433176595325868941e-03
3.051875386711755400e-03
2.735426798301132667e-03
4.916743085823516157e-03
2.932418619134249949e-03
2.760482464313374074e-03
3.746637764847099428e-03
3.541771025017556584e-03
3.769059145322620208e-03
3.358010508780248649e-03
3.243569690410758044e-03
3.396197248846238859e-03
3.058486249272490687e-03
2.705777112840992982e-03
3.479740409236736776e-03
3.319047330325050615e-03
3.424299118332238545e-03
2.411338487687583743e-03
3.895454192523600812e-03
3.509984575786107008e-03
2.990400099224660435e-03
3.308187461858486111e-03
3.454363706107133059e-03
2.767087070892598755e-03
3.146821756524628699e-03
2.500403380219465288e-03
3.367509408445434893e-03
2.470039648877778160e-03
3.966830814764593649e-03
3.942890847541888344e-03
2.872298554178837060e-03
2.581708642305058365e-03
2.754874852694141896e-03
2.828395596325611328e-03
2.991628513205793483e-03
2.758795146758780126e-03
2.231977101530627228e-03
2.996231988495634546e-03
3.824238948852337616e-03
2.861231621659549029e-03
2.749749616783397910e-03
2.366725282945708608e-03
3.335988278512766469e-03
3.759463242284266649e-03
2.664892362212636923e-03
2.915407882939355377e-03
2.981360494355933533e-03
2.561007139278537181e-03
3.345113867219806636e-03
3.274792893588965303e-03
2.413906633285972658e-03
2.452866278281590207e-03
2.646041053262479514e-03
2.537400395379280083e-03
2.487937764776529392e-03
2.781847813597512764e-03
2.537132084948684474e-03
2.956286067534952267e-03
3.236527355935991945e-03
2.472845271866447314e-03
3.460504768863309488e-03
2.529013303688917857e-03
3.086651607267024144e-03
2.918827315556010715e-03
3.283220182975818413e-03
2.700091053300518462e-03
2.740210641215656828e-03
2.896299005481786648e-03
2.695504335092552273e-03
2.602914919220100654e-03
3.305689890267846098e-03
3.450720139785118379e-03
2.347703635572156999e-03
2.120237438324512613e-03
2.559888141506302950e-03
2.709637102784767659e-03
3.153301390237700508e-03
3.318471717430951373e-03
2.844445058875766374e-03
2.695950627680923639e-03
2.569790772584470973e-03
2.622698290480146577e-03
2.632701479618526630e-03
3.067644176074829643e-03
2.650619260503639385e-03
2.407919414409584458e-03
1.964861096836537091e-03
2.389287403813680766e-03
3.979941400179556887e-03
2.495048018404055767e-03
2.692305895783148051e-03
2.747851014074959020e-03
2.662059046648429517e-03
2.494964742904559607e-03
3.512083497697882084e-03
2.909711593849478861e-03
2.831545508135663303e-03
2.779600744438823212e-03
3.018408220605756087e-03
2.422667162065933466e-03
3.243122536633086250e-03
2.283641848200512747e-03
2.160873599857712768e-03
2.198401904020458320e-03
2.633760163067599969e-03
3.771815742677153693e-03
3.492208059393375752e-03
2.557692989493223767e-03
5.025733335168883209e-03
5.451044148860703653e-03
3.936610076070851116e-03
3.836733923433810478e-03
3.070004986431104643e-03
2.312675905782435315e-03
2.699066194016955245e-03
2.657707765675934586e-03
2.435302621516713395e-03
2.660972777514203358e-03
2.419505029490842674e-03
2.253790660488405595e-03
2.176810405469215004e-03
2.553046756841384490e-03
2.255570233250320245e-03
2.161849740878810100e-03
2.871242579651267501e-03
4.779213258422387867e-02
2.344695723345943117e-01
5.256021546999388450e-02
3.208413118665653929e-02
2.347791745090518911e-02
2.302298165579001743e-02
2.015831005647017449e-02
1.688228433328416156e-02
1.628998803601593159e-02
1.687704026910757937e-02
1.613765488213494970e-02
1.411911534138100832e-02
1.394507733121216897e-02
1.539798276134490829e-02
1.530546192747858636e-02
1.171545698836626292e-02
1.377084156644053925e-02
1.187904800769079561e-02
1.181394626907830703e-02
1.015285902313461941e-02
1.032190578989862495e-02
8.969731165513528115e-03
8.247518572953374538e-03
8.593183808303317406e-03
9.859262616999903139e-03
7.577745479814254614e-03
5.813375194176545468e-03
8.016795791836076046e-03
7.367356838089228477e-03
6.680835944492993783e-03
7.105283937366896341e-03
7.162913166169015966e-03
6.750420338679924415e-03
5.845494035938980648e-03
6.677937395951641375e-03
6.360526700686763846e-03
4.834003962016497624e-03
6.759379643809987348e-03
6.619674801888325577e-03
6.152751881294049596e-03
5.755541850652953761e-03
5.501511273371353927e-03
5.476801065666100921e-03
4.665532069056468889e-03
4.843086991848086220e-03
4.794103494099352658e-03
4.066249646290556741e-03
4.708997040952803137e-03
5.472433348243932461e-03
5.565801585547008878e-03
5.589872724711578145e-03
5.570450890258552001e-03
5.863567578700198957e-03
5.485256982752220734e-03
4.960921155823361239e-03
4.253392556250332190e-03
4.779532351634391274e-03
3.707085619820804645e-03
4.878522237501070613e-03
3.968297738062079305e-03
4.641220043370294923e-03
4.741936973581953318e-03
4.988961511968592610e-03
5.594652091125848492e-03
5.612002040122993085e-03
4.261457813442851017e-03
4.668203727198422248e-03
4.680001058106925127e-03
4.631886851485814138e-03
4.691971034718259159e-03
3.835876357069084586e-03
4.386175027883604249e-03
3.818889908299344382e-03
4.285038728050777346e-03
4.100616609037724403e-03
3.622713265070659494e-03
3.641963235828354906e-03
4.210407475998240168e-03
3.470588801238239096e-03
3.931238349270768651e-03
4.565797786085901144e-03
3.946404822286794789e-03
4.602596685494106388e-03
5.352654313008783915e-03
4.310069059413709769e-03
3.968988504581397181e-03
3.406515742410826109e-03
3.534627069022772128e-03
4.132993193501868778e-03
4.409940523509972565e-03
3.747305594756500380e-03
4.232940837360740782e-03
3.825946884744177434e-03
3.808429670631996444e-03
4.080791428975327761e-03
4.589836014759582361e-03
4.508223345425027562e-03
3.424516951575737322e-03
3.603440619592765404e-03
3.764790614056309770e-03
3.603854883979878965e-03
4.527148714877013425e-03
4.632339954252467917e-03
4.335413872334756280e-03
4.280119822059377799e-03
4.819811305184620864e-03
5.032016573547126725e-03
4.038200688580018127e-03
4.887500281561873994e-03
3.688335653524887903e-03
3.734363973299098527e-03
3.178030262306730247e-03
3.853792191740298967e-03
4.859024673640993663e-03
4.098483229897628699e-03
3.219850363109941216e-03
3.911270024149857139e-03
3.903693033871752371e-03
3.691590233739550087e-03
4.709424602146045080e-03
3.670190403359085973e-03
4.427877785199707539e-03
3.504638790134198545e-03
3.925155454101617036e-03
3.340835329959740418e-03
3.640836555702020583e-03
3.921984255492200200e-03
3.917432564819647856e-03
3.962364721319694416e-03
3.545080605016390218e-03
3.714841243796437875e-03
3.944871737421598579e-03
3.353962636328602920e-03
3.629932664383189733e-03
3.998800057749010706e-03
3.414957237434429471e-03
3.018747353400019762e-03
3.519261908381157711e-03
2.977201236561519138e-03
3.519054181064518172e-03
3.745692735728750611e-03
3.364646225958611847e-03
4.080370061357863065e-03
3.895465818875051833e-03
3.529914409061349345e-03
3.596209135206460128e-03
3.652074862348919648e-03
3.356122691730675789e-03
3.186867515011307384e-03
3.284649677082557284e-03
3.895847543476604891e-03
3.347744354452258930e-03
3.097929271110466676e-03
3.093650370255607296e-03
4.147150186762607604e-03
4.217191352398425019e-03
3.329935339726516896e-03
3.257570764674019848e-03
3.421608226859579327e-03
4.070015573057195191e-03
3.460926022343061015e-03
3.465156129097299309e-03
2.815541668252125040e-03
3.455882299063905982e-03
3.101458289752667685e-03
2.801247051853889003e-03
3.476716357132453306e-03
3.260331707728547634e-03
3.993940187232605799e-03
3.699640436788526054e-03
2.721219507434619045e-03
3.899960370658706044e-03
2.733006212224012299e-03
4.260427984203951635e-03
3.474107741395573989e-03
3.320910079257069492e-03
3.762590454096159664e-03
3.163426766094226683e-03
2.937992195026550846e-03
3.040449324436922396e-03
3.093810698607313281e-03
3.285559730443227133e-03
2.740575634275779771e-03
3.688382050549693369e-03
3.066472527610344945e-03
2.947425210677603880e-03
2.598347322942992643e-03
3.223160011277620418e-03
3.332041955788109244e-03
3.338770435364873945e-03
3.301521109507016272e-03
2.599974346074937492e-03
3.232415656220413713e-03
2.908959812796652056e-03
3.216311503791549620e-03
3.199073447119948899e-03
3.390083015392786336e-03
2.730367159555505130e-03
3.301309639714894439e-03
3.157605874175545280e-03
3.352423893686326539e-03
2.566471774761047708e-03
3.180733228976412308e-03
2.868302159383509520e-03
3.192968298099882474e-03
2.950443427176860367e-03
2.736545374303414602e-03
2.910078467739454777e-03
2.861213091346556658e-03
2.794074185427750101e-03
2.607858913700827896e-03
3.193160103140524342e-03
2.847998144598615222e-03
3.406049986976147914e-03
2.534319387203609608e-03
2.343787599292185275e-03
2.895967811906485778e-03
3.148586845959117086e-03
2.611900686123755366e-03
2.860428859268487889e-03
2.928306685504505902e-03
2.878527026348498552e-03
3.132463141655439376e-03
2.428077134830064487e-03
2.316842780533567847e-03
2.521543476638674064e-03
2.852929429775927228e-03
2.371285101024411812e-03
3.884006772893189297e-03
3.751881964115744150e-03
2.488292154818494417e-03
2.760601260225051257e-03
2.673683487506586798e-03
2.636268575710365436e-03
2.535400656274305886e-03
2.542086457227019092e-03
2.640628739125280844e-03
3.565824483757196184e-03
2.809022095283372766e-03
2.488041078316238774e-03
2.824305828990653078e-03
2.619748029926247113e-03
2.446893027227892148e-03
2.675439121110262386e-03
2.573735799613882658e-03
2.923723920093962425e-03
3.248611935421849561e-03
2.433267975357200630e-03
2.451956951984690658e-03
3.222581170152311048e-03
2.123804698222833687e-03
2.664711529205499030e-03
3.435784517579795749e-03
2.782803169692149581e-03
2.540617413389512080e-03
2.340802230458974287e-03
2.733183545117603974e-03
2.452508072120732074e-03
2.216049365249786463e-03
2.776515213314179054e-03
2.809428446734929530e-03
2.602179481476479816e-03
2.800382844153598283e-03
2.862206037847869755e-03
2.415306822031060285e-03
2.898629753825446298e-03
2.767799277349852760e-03
3.210935799258698986e-03
2.333640247651896926e-03
2.801758529957079635e-03
2.416624520081053773e-03
1.858919533570715932e-03
2.081194554628795768e-03
2.799490736975801530e-03
2.554422593975785860e-03
2.883043949869948386e-03
2.930593807514189630e-03
2.915412498388572637e-03
2.287489919014437656e-03
2.447514158741156964e-03
2.295431279539433822e-03
2.597239563997960632e-03
2.507010564568756816e-03
2.775557514038434759e-03
2.482272408536490005e-03
2.165114349633540103e-03
2.191515341327165967e-03
2.570776654267498129e-03
2.866311729165876843e-03
2.973773582296668216e-03
2.253738923727266474e-03
2.995121304563599929e-03
2.678314876597448491e-03
2.479124468045046381e-03
2.407132556301205817e-03
2.269662226332319621e-03
2.660182657233750581e-03
2.815426721867464455e-03
3.082623752667656980e-03
2.944764937525351511e-03
1.731460464508955410e-01
7.221591658971227012e-02
5.276517029433434869e-02
5.217335088888942762e-02
3.441785609626005216e-02
1.982920559228007473e-02
1.794833575634478817e-02
2.122559167946894143e-02
2.094027115849669829e-02
2.075980208559979889e-02
1.773166027587275151e-02
1.698394140193702773e-02
1.313124545809718491e-02
1.276018617182306247e-02
1.147348999483606413e-02
1.332290204401812006e-02
1.075962882875887427e-02
8.486594560032367784e-03
9.604232183638081177e-03
9.286184737286526381e-03
9.579956974554659777e-03
8.855613541029080937e-03
1.001286946510668296e-02
8.897022251458858166e-03
9.451946406870581630e-03
7.186197260450208346e-03
7.140902897575684971e-03
7.619524524355755779e-03
6.086704965299435943e-03
8.235591664408153934e-03
8.060999770157034616e-03
7.202617607888733842e-03
7.233974911852736334e-03
7.842947916766318528e-03
7.298252614091893520e-03
7.888490233916356509e-03
7.382346427942901301e-03
7.365407306669985443e-03
7.867122164512935223e-03
7.399029184562005979e-03
7.108600956976129925e-03
9.080537975611285839e-03
8.297272248772386005e-03
8.079020371785664012e-03
8.068624919565267617e-03
8.777091195588407335e-03
7.593962552021021883e-03
7.015245507161163574e-03
7.278596855150268330e-03
6.603231156684361003e-03
6.840918502479767516e-03
5.991438480551031232e-03
5.819480598673182348e-03
4.974628292404276175e-03
6.480065826533806805e-03
6.255703152289140978e-03
5.630189194835377720e-03
6.529049305170245288e-03
5.525698227172845534e-03
6.070695123526967385e-03
7.314208042961511946e-03
6.177394049922402264e-03
5.907649327991648658e-03
7.262793339508341606e-03
7.273916339959357602e-03
5.555175870333314836e-03
5.025701133723997627e-03
7.039735911115480027e-03
8.421873978090355095e-03
6.397657125923231214e-03
7.535478612768167772e-03
6.539871667202240557e-03
5.608815274657952266e-03
5.868228005144554560e-03
4.851409822582516962e-03
5.472073663831483747e-03
5.282468442407442510e-03
4.440625893005950564e-03
5.224893211827369432e-03
4.323444836860854124e-03
5.370640902926868132e-03
5.252708477437625922e-03
4.551193493374516841e-03
6.042218027949006198e-03
6.327830878660151148e-03
5.035239038761213370e-03
4.950218846458701027e-03
4.498323851353597247e-03
5.939161816265081661e-03
5.242541882470752590e-03
7.079701168207344630e-03
6.138153973612781034e-03
8.921204732407622684e-03
8.089652004306890909e-03
7.526743924095302685e-03
6.557707564769754693e-03
5.865040985860520140e-03
5.323200473943939803e-03
4.583355972686109503e-03
4.480681349078932674e-03
4.498545293780881194e-03
5.417484888422668954e-03
4.534292161598674209e-03
4.861373864479073825e-03
5.065807542435518673e-03
4.986693025042537863e-03
4.246546894518657411e-03
4.195469134681051315e-03
4.718212683393008255e-03
5.030092894689669469e-03
4.401687170041995723e-03
4.459070166445935901e-03
4.380432019658403453e-03
4.235583865878841947e-03
4.840990153150759312e-03
4.815391708576033380e-03
4.322893328449858852e-03
5.733152135151908801e-03
5.093077354788477784e-03
4.402437503066555791e-03
4.456871024856645658e-03
4.381857929228835657e-03
3.720515949876587736e-03
3.633261314341829085e-03
5.000021582925145980e-03
3.503680185316743190e-03
4.288696307949979580e-03
3.506745605637115459e-03
3.869789314193780583e-03
4.088838784551324101e-03
4.679161188570826746e-03
4.741764351452848469e-03
4.931229611726734019e-03
4.520589726778490025e-03
4.577638146322560164e-03
3.752454284250056338e-03
3.531364082633992041e-03
3.867723985672671949e-03
4.388375968757796119e-03
4.237305033506319485e-03
4.816425011294075964e-03
5.336764761509432686e-03
3.701124410958156474e-03
4.078885263787745963e-03
3.908195550131582374e-03
3.935026681507455826e-03
3.258219939124909481e-03
3.739717336662715108e-03
3.467420401734810920e-03
3.867043199077990767e-03
3.575516513305024291e-03
3.817620495106421874e-03
2.922880826997154013e-03
3.512975299292925291e-03
3.818961808143117587e-03
3.679682271495135493e-03
3.886225142931382104e-03
3.118471659369279059e-03
2.956935250743752963e-03
3.404889500478722186e-03
3.696591062255158433e-03
3.493317571810677924e-03
4.667507297747008899e-03
3.513821878378370345e-03
5.045864079889481046e-03
2.996929002250153795e-03
2.454342348969781873e-03
3.499238190930745174e-03
2.511409975990627763e-03
3.327195920069775381e-03
3.574457212682444207e-03
3.356116581096260654e-03
3.997886335434852612e-03
4.039419128929161440e-03
3.734251906393259990e-03
3.417028062083604656e-03
3.762168747669519808e-03
6.813416456610543737e-03
4.141274408430442588e-03
3.773212847202028764e-03
3.099531734915048076e-03
3.303715993466543877e-03
3.035833500666260121e-03
2.887783668690094285e-03
2.410201737681430534e-03
2.805852462293492722e-03
2.949422134114532135e-03
3.122823495883109146e-03
3.432459825478892390e-03
3.087789738197538325e-03
3.208688484850091838e-03
2.985974035420016492e-03
3.421344172286344687e-03
2.685960656443553418e-03
3.526445329281549523e-03
4.821870503000327823e-03
4.296844790947357273e-03
4.766274775687195930e-03
4.403560753825586094e-03
4.565152460991317440e-03
3.788442214477341641e-03
2.962758329227557774e-03
2.735383634488719462e-03
3.145870364619787751e-03
3.251049522976764972e-03
3.685986217092512840e-03
3.265603140703579599e-03
3.121286643463533350e-03
3.154948102005478150e-03
4.441264559092467090e-03
4.542017690270960806e-03
4.381942782851991347e-03
3.127773348618023697e-03
3.269491133310931108e-03
2.939919340134683479e-03
3.743734629062925312e-03
4.047475779091119774e-03
3.416996965393617747e-03
2.997652774238607210e-03
3.161369551599291228e-03
2.899321949202074422e-03
2.697696423721626657e-03
2.866930041724349842e-03
2.556408857977060523e-03
2.412917529310956710e-03
3.882901211244821349e-03
3.173856582091044709e-03
3.031592224017345960e-03
2.705059137470225417e-03
3.769038473860120142e-03
2.891113531186095820e-03
2.523324749311717241e-03
3.343962235409253525e-03
2.471144292889429495e-03
2.587222064024036206e-03
3.405265965042342247e-03
2.430976130996936879e-03
3.252369318857042946e-03
2.974112894237337934e-03
3.487518888126053818e-03
2.983639500366480624e-03
2.951290213874954715e-03
2.973431423712535882e-03
2.982434777159259642e-03
2.836306847292413558e-03
2.808645587186908710e-03
3.120128758110823908e-03
2.542704562441600036e-03
2.620968534136555728e-03
2.924979009199496494e-03
2.232404131759208044e-03
3.341121497510715632e-03
3.116461471352027779e-03
2.012882444658331549e-03
2.850624932228984498e-03
2.293543229141922768e-03
2.550087585037844051e-03
2.808583081033072526e-03
2.749780018056480202e-03
3.950556286678799656e-03
3.145731565019863063e-03
3.024458343039382324e-03
2.179187117405695373e-03
2.642425830255867858e-03
2.752450825338065288e-03
2.425079033267607542e-03
2.537171435998075708e-03
2.256884783499751856e-03
2.614321980369621601e-03
2.167145112619228708e-03
2.749845613802565092e-03
2.599626995208201286e-03
4.486438511374757354e-03
3.235363425407380977e-03
5.393719303482508165e-03
4.941477992735032743e-03
4.051496992117153972e-03
3.058353414520625924e-03
3.080447859623663964e-03
2.025811320147744010e-03
2.482725375054478656e-03
2.530436301817928779e-03
2.827343582092245455e-03
3.670452389761574841e-03
2.645179589918972285e-03
3.170830270352475999e-03
2.001678355983443902e-03
2.452156062451082974e-03
2.569448505626681367e-03
3.503009518596694738e-03
2.627575004203464015e-03
2.393652354914066471e-03
2.324996328859574302e-03
2.582947306081079253e-03
2.765970537645046079e-03
2.310761107636200018e-03
2.441281946208184728e-03
2.484495111951839919e-03
2.305418994911087593e-03
2.865346423724657310e-03
3.549451278239729168e-02
4.149719185670004418e-01
7.682219833884451621e-02
5.421490195921196964e-02
4.032892747364262565e-02
4.334337344064478903e-02
3.524753973223468395e-02
3.443345846137227384e-02
3.050490663389185397e-02
2.803526424576589793e-02
2.989917410445225299e-02
2.668562613486014090e-02
2.692036958829360782e-02
2.317826774710970983e-02
2.298444240472480304e-02
2.260124312425082493e-02
2.050614948927163839e-02
1.871750424343099350e-02
1.659997158818105056e-02
1.666842103207716308e-02
1.325676430025292396e-02
1.517768368381133826e-02
1.426149863923246996e-02
1.476138104988272692e-02
1.481846771790586159e-02
1.434704733759892270e-02
1.183772851539599547e-02
1.051775474040798908e-02
1.099394002134905513e-02
9.389058547078193984e-03
9.494112456281011969e-03
1.037488082841250825e-02
9.137904431048698983e-03
9.689856641207403309e-03
1.053135861528339823e-02
8.102567991107423317e-03
8.586718845220317475e-03
9.671050643464448870e-03
8.972432154288181860e-03
8.338438744709103512e-03
7.426672144486834437e-03
8.611566755445734800e-03
7.839283562214069412e-03
8.499863848450819881e-03
7.392456868048541407e-03
6.974157467590114123e-03
7.402600588035906926e-03
7.975789524580612078e-03
7.291266586885725154e-03
7.693576879124086609e-03
7.377321250295790223e-03
6.501294793270051553e-03
7.346657992245764213e-03
7.290636478967618683e-03
6.292641715102936795e-03
7.428529659106508642e-03
6.814769568949538558e-03
8.569728834520076721e-03
6.674376848600366285e-03
6.832667204270378991e-03
6.969255766183915513e-03
6.744385895849400181e-03
7.102282587120645196e-03
6.482910663416538433e-03
6.233528907041666067e-03
8.202623849387358224e-03
7.053012180376960760e-03
6.471074915572722075e-03
6.637749781920540548e-03
5.876825956707687482e-03
5.914785336553790573e-03
6.110678802140376287e-03
7.869724712381162557e-03
6.354177823909887279e-03
6.395478567738185904e-03
5.476115883032012244e-03
5.742431764683392226e-03
6.145936778485711072e-03
6.225352857761157210e-03
5.724438356554784058e-03
5.883359975614843584e-03
6.000583591707603359e-03
5.006784971710240284e-03
4.842654416160829811e-03
5.689229590167224626e-03
6.564032482927639744e-03
6.279471251634596851e-03
6.368839638932213831e-03
6.178105926064852982e-03
5.235081488412271500e-03
6.166950656468550562e-03
5.689811187225585210e-03
5.550941523033411928e-03
4.852395662566261203e-03
5.154953960317842920e-03
5.493170084842000089e-03
5.657312598502078904e-03
6.163889880091311113e-03
6.131120994786506961e-03
5.573283068340179058e-03
5.205677144809142676e-03
5.568031979213294846e-03
5.368823122258115088e-03
5.695722595280866551e-03
4.925089141288502281e-03
5.168140980920374328e-03
6.076566227872254311e-03
6.039024648087032432e-03
5.695459147029915958e-03
6.150828906388808304e-03
3.954130029626884424e-03
5.269728794913969283e-03
5.724938774855248269e-03
5.908823408933505661e-03
4.716217115144943905e-03
6.882978872486678057e-03
8.536783946561599112e-03
5.506901566447119922e-03
6.011156963411840026e-03
4.180594312200455742e-03
4.409689336218380884e-03
4.490896259715868033e-03
6.204349677092199644e-03
5.724906249374273060e-03
5.062396930475540624e-03
5.842581338154892445e-03
4.107988774828402745e-03
6.158544760322376410e-03
4.672104161951573520e-03
5.637616724762151144e-03
4.293627817058748297e-03
4.635947441676474545e-03
5.019407983383170069e-03
4.465994863799477299e-03
3.784041865127735216e-03
3.929486275566815290e-03
4.322087708894833957e-03
4.018663325298155176e-03
4.621595060118013909e-03
4.843944693865911977e-03
4.093425357245411567e-03
4.882981439581768335e-03
3.838423391506445848e-03
3.698941092817251142e-03
4.777759733368955319e-03
3.547066557295391886e-03
3.973281355018801198e-03
4.209664590912695625e-03
3.408862952631042109e-03
4.499156620378835791e-03
4.442068463158227454e-03
3.554499727590573754e-03
3.989000297868028344e-03
4.679489289298177646e-03
3.962094346882022444e-03
3.482839513022459310e-03
4.030182362921755357e-03
4.140421008506742218e-03
3.251172509641520048e-03
3.195522763668634525e-03
3.176496867046407768e-03
4.690769667823918576e-03
3.968182793484584248e-03
4.383223956391790743e-03
4.019721087095501355e-03
4.103397115797158268e-03
3.273751188818077584e-03
3.679655357155239837e-03
5.082198340087648591e-03
3.801983118395774186e-03
3.015363151924146945e-03
4.233937807922541485e-03
4.047239643070160708e-03
4.267819101832007189e-03
3.346132935777915152e-03
4.261627045534899239e-03
4.221820768935374835e-03
3.144790520973023140e-03
3.163713684931040993e-03
4.406335110813952571e-03
3.205440052165858811e-03
2.868638633052048026e-03
3.650762588103220740e-03
4.147371600180402296e-03
3.346768133943009427e-03
4.145725070406308665e-03
3.552911443183398577e-03
3.661294966994410593e-03
3.258131250044885019e-03
3.122132340572167375e-03
3.685140039642265108e-03
3.179698174962677926e-03
3.589290294916752666e-03
3.115717445034554833e-03
3.999502789145056858e-03
2.583719811026188862e-03
2.981923477264808442e-03
2.327770596973144368e-03
2.968994018525294987e-03
3.048728893631710846e-03
3.838738311862974206e-03
2.724947242346370535e-03
3.687074112684221583e-03
3.377886676857011494e-03
3.868759556055006987e-03
3.595315414551158995e-03
3.362614184405282591e-03
2.950373668281283668e-03
2.900640509237412124e-03
2.946872967993480197e-03
2.227367912180394649e-03
3.809772475466099984e-03
2.620312482173023372e-03
3.135725101088615574e-03
2.776366623261070088e-03
2.817599395727440892e-03
4.152073976558853796e-03
3.593980640134455951e-03
2.615859763284864026e-03
3.526873932736984685e-03
3.241734982346644589e-03
2.722734117894587413e-03
3.286856145002875484e-03
2.916504364604347033e-03
3.037408592452647826e-03
3.788484363304714386e-03
4.065340484875418214e-03
3.019968059691707785e-03
3.306371276618189081e-03
2.981649322122581491e-03
2.715243958782004308e-03
3.005778599033934184e-03
3.413372566370545536e-03
3.226151124894091615e-03
3.366280367663093687e-03
2.863771807498263766e-03
2.910072305611660637e-03
2.980858761426896653e-03
2.516378544780539794e-03
2.738346523746895689e-03
4.574627144807011381e-03
2.851235349533104424e-03
3.723482368678546206e-03
3.170897065208150289e-03
3.523435364584812102e-03
3.093282728255680736e-03
2.654207974006089765e-03
3.041425317196005951e-03
3.316962063681858086e-03
3.234178609312104991e-03
2.641185888064653819e-03
2.859490300869543811e-03
2.566001955534746859e-03
3.271853245369701901e-03
2.482479788199931647e-03
2.514315448565368483e-03
2.778398198148013254e-03
2.290985139632023548e-03
2.682850769558375870e-03
3.329924639468614944e-03
3.410852799550917469e-03
2.236568901142640953e-03
3.030917439637625943e-03
3.532540140533071971e-03
2.459338268102073677e-03
2.469225981400494097e-03
2.921591760985581265e-03
3.170473363313192072e-03
2.893577036106154132e-03
2.620982618131553754e-03
2.805862872552591925e-03
3.335327811523569608e-03
3.107170465548120264e-03
2.532146809331864423e-03
3.064567945873120092e-03
3.157720042624476142e-03
3.096069688484165416e-03
2.949899207441042392e-03
2.880772734452072270e-03
2.676787719441103830e-03
2.695400367798847507e-03
2.236288787350590446e-03
2.821332462949716069e-03
3.492508519579440307e-03
2.284562257079750247e-03
2.464225389390506393e-03
2.596832246781088926e-03
3.095334613085157227e-03
3.159356948703631596e-03
3.564689193415404578e-03
2.413652376931793575e-03
2.736291103808505265e-03
2.446853372253296466e-03
2.366446992258269821e-03
2.408314440962497360e-03
2.028922851729675347e-03
3.465749346719879109e-03
3.346726880013750627e-03
3.545393415274489257e-03
3.067109049959382272e-03
5.358492428394341645e-02
1.180553839220531420e-01
8.339012966564487983e-02
5.829943499772939630e-02
3.389256452827896227e-02
3.028148716106324190e-02
2.262992701649552130e-02
2.197589823616147298e-02
1.951333416786044106e-02
2.144590150993626321e-02
1.736887844698996319e-02
1.899388620854382259e-02
1.564592685991235410e-02
1.589197840566272668e-02
1.463157866496984927e-02
1.344614550343881110e-02
1.206469095458539975e-02
1.409508131175818413e-02
1.349253580435444411e-02
1.471320309405170501e-02
1.181767474738122659e-02
1.347085862998835537e-02
1.142266365311378484e-02
1.358241089486712794e-02
1.240770797926163405e-02
1.348655860335547241e-02
1.019073622232138931e-02
8.197388766607138777e-03
8.514027800489293307e-03
8.661327543246361005e-03
8.547938269331936678e-03
8.117588629770564057e-03
9.578046925703603831e-03
7.089022458751981226e-03
8.710747918528091716e-03
9.182018911236336511e-03
9.758656414680502711e-03
1.049802309247523102e-02
8.700363303846908591e-03
9.320550363038845876e-03
8.998886453839227695e-03
9.053854855194387596e-03
9.031642179286189509e-03
8.140257459947924934e-03
7.331164837416109803e-03
7.000629748724673806e-03
6.750229681991931630e-03
6.201475197448708121e-03
6.154298261924859292e-03
5.419150007686474035e-03
5.098548317446119360e-03
6.046399915139416548e-03
5.951721136431081804e-03
5.723275037273933830e-03
5.431275425300516324e-03
5.458625322839666394e-03
6.293901699499726554e-03
5.900206477249161918e-03
5.171244998041807373e-03
4.974908151322579575e-03
6.670091403028072241e-03
5.959910249506678026e-03
5.026091589808587279e-03
4.647546485375547709e-03
4.990505845672565943e-03
5.644165587797553285e-03
4.953539663351907985e-03
4.670593652380095051e-03
4.760192751368644282e-03
5.626364275350889677e-03
5.065494262939826409e-03
5.266181991712581834e-03
5.145705132279507210e-03
4.413225068625667435e-03
4.774975968463046616e-03
5.716603601825354097e-03
5.680589509585817765e-03
4.565720723255881075e-03
4.073394900020566034e-03
4.901720507586262987e-03
6.064015535404532198e-03
6.909015191690154323e-03
7.525912500483580847e-03
8.524709570254362934e-03
7.025856028280527688e-03
7.850145481334461217e-03
5.372625374200454273e-03
5.749139268156761018e-03
5.788896588032804713e-03
4.912140060811406861e-03
4.802198534297863475e-03
4.521891351562751238e-03
4.329388804573466865e-03
5.183243232660686428e-03
4.403007145756268614e-03
4.679401083880097012e-03
4.403539417271729040e-03
3.929040326421884277e-03
4.641421938480286280e-03
4.342593457506566113e-03
6.082383631616644637e-03
6.920576838362529903e-03
5.229238919715148426e-03
6.406978838678023536e-03
6.714408088958498388e-03
5.981070476248934176e-03
4.574860151560986021e-03
3.610241683255965839e-03
3.334035148361391698e-03
4.303312217421806363e-03
4.899986294211650106e-03
3.716594104998471870e-03
3.882509852824150842e-03
4.759446689130211738e-03
4.856544556375214095e-03
4.481321744384925143e-03
3.722447494503886012e-03
3.838136590936139236e-03
3.946421371801858702e-03
4.419492740998245961e-03
3.864725521815645659e-03
4.114630332564636617e-03
3.430683513616347713e-03
3.759080544933110501e-03
4.290052833442914437e-03
3.759774862473336254e-03
3.265518892547683572e-03
5.129450095201701365e-03
4.033550912086208973e-03
3.615413018559457403e-03
3.647419499474252591e-03
4.060962549814334244e-03
3.072191104122115601e-03
3.471577181134000156e-03
3.325828411319536881e-03
4.042666014310178357e-03
4.748011165330995320e-03
3.680729413245625858e-03
3.456187395570950449e-03
4.233751316025102795e-03
3.445420363226911475e-03
3.606209452294714679e-03
2.803932503129824561e-03
3.510670965760701034e-03
3.425638582385454045e-03
4.421992189525436601e-03
2.964804721862432380e-03
2.909862610829677676e-03
2.963852924791871013e-03
3.110154738979561961e-03
3.617619570633084924e-03
3.381018458462878296e-03
3.804928351060554714e-03
3.421281772358758522e-03
4.320501619606481603e-03
2.998155526710788443e-03
3.121241804605365266e-03
3.023436194502973628e-03
3.025278185957352983e-03
3.279817697447243163e-03
4.070729945693435381e-03
3.041622752942285679e-03
2.807020351064393182e-03
3.041807854618383544e-03
2.841643020019643529e-03
3.560010077095152048e-03
3.695769253965183743e-03
2.637179921614080103e-03
2.756557519987976046e-03
3.740055398693403754e-03
2.945854119999452569e-03
2.678323837598056700e-03
2.858059426509559908e-03
3.045320027263223595e-03
3.423164416480176109e-03
2.598185261182439643e-03
3.227968210258808091e-03
3.009234553150469393e-03
2.592613617305811191e-03
2.724828777274576619e-03
3.186210747481418859e-03
2.896412023055072726e-03
2.818710272186275567e-03
2.239090943388893917e-03
2.653830113666488799e-03
2.649414957883261534e-03
3.182521180673997252e-03
2.314468254526719226e-03
2.908817963011095520e-03
2.856927324150868031e-03
2.888947307099737349e-03
2.951204960124742538e-03
2.920609091755163589e-03
2.790523075459100388e-03
2.916663154639773103e-03
2.800826828639579880e-03
2.416403429350552634e-03
3.438575508554447824e-03
2.450556873879045083e-03
2.551419189862499937e-03
2.733336763956428772e-03
2.948174572567227592e-03
2.852594371585720490e-03
2.431269809721969821e-03
3.309802934500588600e-03
2.330626805131880142e-03
2.466204334545946120e-03
2.765925162955207295e-03
3.862505889564091244e-03
3.075565453296388863e-03
2.587543022789393077e-03
2.408261450280391180e-03
2.909692223419274582e-03
2.104123180266273541e-03
3.156059840757258206e-03
2.510096062697919628e-03
2.223586095040253063e-03
2.240880111396809093e-03
2.493060875531458165e-03
3.021165160443900488e-03
2.556513130866883143e-03
2.701994846884991919e-03
2.459933551292245446e-03
3.769039660889567100e-03
3.571090151068212482e-03
2.860877299087224990e-03
2.819965015273970255e-03
3.202275942112128848e-03
2.728736206754817095e-03
2.547659998726276021e-03
2.284066644570856286e-03
2.362042387443058500e-03
3.578388686760552995e-03
2.791666118529351204e-03
2.894998929299147372e-03
2.768085597534261644e-03
2.209664497213631451e-03
2.930119865944491586e-03
2.607780414088392562e-03
2.558367568147534854e-03
2.162895678974111058e-03
2.142522719835199263e-03
2.555740371752115991e-03
2.961575293482343607e-03
2.952656034135428542e-03
2.381556380970650810e-03
2.288197855208687348e-03
2.909413218151746250e-03
3.159124991600328891e-03
2.349016911080539782e-03
2.208575693725123301e-03
2.532543889499749845e-03
2.673982880891476177e-03
3.337252161608336709e-03
2.568143312756177021e-03
3.199504376457149024e-03
2.267106694871678929e-03
2.506820140270329955e-03
3.060205200086860144e-03
2.866254750116356553e-03
2.558922885152872806e-03
2.334599887245825123e-03
2.546614230154814473e-03
2.100389200250213362e-03
2.025128711138357573e-03
2.963654869673620906e-03
2.789284027901281493e-03
2.333257214593348339e-03
2.709868100456938600e-03
2.809933821128776654e-03
2.675799723180119494e-03
2.629383476860522317e-03
2.522300089284057467e-03
2.461956650179841777e-03
3.026551535068949805e-03
2.518220233682269549e-03
2.065117706895464034e-03
2.231186488168723780e-03
2.727884282324150034e-03
3.091071360585909145e-03
2.218984611548208141e-03
2.726478203997836913e-03
1.899001517693996166e-03
2.924909379652451680e-03
2.639988091134956583e-03
2.199779483169808647e-03
2.578307524376932669e-03
2.239492355217920228e-03
2.350144437075485371e-03
2.755666836780995554e-03
2.324469735641515600e-03
2.062059860838169612e-03
2.641532549504554961e-03
2.085729638314534617e-03
2.504268235799966824e-03
2.058166100775818408e-03
2.330645023272681637e-03
2.260157778775917503e-03
2.156149343615923475e-03
2.881250419772621307e-03
7.932780302604131029e-02
1.444417041729973428e-01
1.244485700784165177e-01
1.209813308268391924e-01
8.789534592077674624e-02
6.505245380982049852e-02
4.624176034195473517e-02
3.147007309656361940e-02
2.289972490287126017e-02
1.916650297841362982e-02
1.496530903009789248e-02
1.288424251548526966e-02
1.410489942139919739e-02
1.152565596548964233e-02
1.099838456615773175e-02
9.701059327189121007e-03
9.729801727208289841e-03
8.834381185462675257e-03
9.461123189085790530e-03
7.867493989586749059e-03
6.489521500935499509e-03
7.520234148229956728e-03
6.933781301773717098e-03
7.240646112204804363e-03
6.568400955020384235e-03
6.716675744837058426e-03
5.880118929305594433e-03
6.391399792903498800e-03
6.855200551789758512e-03
5.863930230632447005e-03
6.065321978146853699e-03
5.610883404975897104e-03
5.262103248004648681e-03
5.873372880903365845e-03
5.470406709176256488e-03
4.527207867535937291e-03
5.886981742018473907e-03
4.182896673346703231e-03
4.780973405608651694e-03
4.507206206925656877e-03
5.318281454766579652e-03
5.182545589231674077e-03
4.928927178296571565e-03
5.514857186047980586e-03
4.460864695210689512e-03
5.174975569336298653e-03
4.356617058382250551e-03
4.118547841543765409e-03
4.437683927284274965e-03
3.985566690251629574e-03
3.908693576695224103e-03
4.754684730214703281e-03
4.411904871171171139e-03
4.534653252488612951e-03
3.495187219369838560e-03
3.562393084646911512e-03
3.595589871804055759e-03
3.732105198434393367e-03
4.274008892117903136e-03
3.830423694905688015e-03
3.816167444077242510e-03
3.634452079315522721e-03
3.730792718327866075e-03
3.388698967910400150e-03
3.554011186165051406e-03
3.250927327011099432e-03
3.691640444932003939e-03
3.750870106407747095e-03
2.954059015652016340e-03
2.991334212260249314e-03
3.400084990102136828e-03
3.933546260565287667e-03
4.770704770477890433e-03
3.736838359208821680e-03
2.966995178247333609e-03
3.369063409269651421e-03
4.642727380824690497e-03
3.047117148345129811e-03
2.444592256562322374e-03
3.627298410288609665e-03
3.410074098070231541e-03
2.842095366337143991e-03
3.032220739074650839e-03
2.993014038550373401e-03
2.911441896723487854e-03
2.696720446008937788e-03
3.084659054829061442e-03
3.215874057944795306e-03
2.838893715629564607e-03
2.924055114533044564e-03
2.799532713041008591e-03
3.519214652239102681e-03
3.203806725262325905e-03
3.443812886849140220e-03
2.467806182741644205e-03
2.867437653677473719e-03
2.956904938658827531e-03
2.917826315657373604e-03
2.501858374831675280e-03
2.691126783192207550e-03
3.636448366897332418e-03
2.696496072171997160e-03
2.821513649558141101e-03
2.977530019130619765e-03
2.917091937911744925e-03
3.020520003463603165e-03
2.686845864486309132e-03
2.656789832869876911e-03
2.137399966287811814e-03
3.080101798099171839e-03
2.482468525863298914e-03
3.276836601853072573e-03
2.921347684816277823e-03
2.425237182785908163e-03
2.628275176893624110e-03
2.927637449840744810e-03
2.983344560764017439e-03
3.618021278266880802e-03
2.998439016469831020e-03
2.954530285806750145e-03
2.444708585117444377e-03
2.719308065513265094e-03
2.541831840090852390e-03
3.457051309977698939e-03
2.496032572806006211e-03
3.256488221731690391e-03
3.701319440033046249e-03
2.345428564805143723e-03
2.399716763653136908e-03
3.435128991511313123e-03
3.346178647485681390e-03
2.822004276257297772e-03
2.646161262893714783e-03
2.946037584966421097e-03
2.713590873760385325e-03
2.232252898593301005e-03
2.795255714017327864e-03
2.582546404569216469e-03
2.721221301200643650e-03
2.769519326136310466e-03
2.241357839249807915e-03
2.482103893262588290e-03
2.805325729901303466e-03
2.675065601681028693e-03
2.629608235851121911e-03
2.586955126156822993e-03
2.758376456004463240e-03
2.556118562480419465e-03
2.334503855374842063e-03
2.899578473732344897e-03
2.747967936625239638e-03
2.440696704942096895e-03
2.300420215414600289e-03
2.572205024919532734e-03
3.013945681237348295e-03
3.404172100669858314e-03
2.283871738618950542e-03
3.017105377749434991e-03
2.373390838769626199e-03
2.500314206291182062e-03
2.079380976854255936e-03
1.959903450669861491e-03
1.994402929529223711e-03
3.028907137737249511e-03
2.513065187384894150e-03
2.501823357685936666e-03
2.618008856960910014e-03
1.925985641237956680e-03
2.433870951689690032e-03
2.081024991161001259e-03
2.602591313464130973e-03
2.286351687335874683e-03
1.794520784958272830e-03
1.867295631810497736e-03
2.207487860869203344e-03
1.777683102275495752e-03
2.174256660940274144e-03
2.754471416936701833e-03
2.437671873066482586e-03
2.290140419851205422e-03
3.030337846352620934e-03
2.427768641354327572e-03
2.384979893291422348e-03
2.773457249453215034e-03
2.308610368999847173e-03
2.028342796393911573e-03
2.188629583777454424e-03
2.483821378160958049e-03
2.681049378919247994e-03
2.507488211922870303e-03
2.110477041498318163e-03
2.293427760961114226e-03
2.579592256312254750e-03
2.301228977270614040e-03
2.884757031829748852e-03
2.413970934314141337e-03
2.558698403172243729e-03
2.547346242376458125e-03
1.698828222692141954e-03
2.663319536232444662e-03
2.153130641406375556e-03
2.361197926364314026e-03
1.637282548365037727e-03
2.458322366159851335e-03
2.113601958011315785e-03
2.333091959615951616e-03
2.242043887981798322e-03
2.258579230146148809e-03
2.441805893617560175e-03
2.591070908785048088e-03
1.882814844614555394e-03
2.403136386918094947e-03
2.254446156243428145e-03
2.345736070126475115e-03
2.821894163754876117e-03
2.453652718904436592e-03
2.503758481367968081e-03
2.358614583832407963e-03
2.036222784273497566e-03
2.271520567467710805e-03
2.496115604265880528e-03
2.104487410616029397e-03
2.498342546016746324e-03
2.510086526667204554e-03
2.023683611768412050e-03
2.452010066546272959e-03
1.884573655676805015e-03
2.425613995781825127e-03
3.186708900369636388e-03
1.827001409830081302e-03
2.058188515946093866e-03
2.032915812936450517e-03
1.775913185724536936e-03
2.161241949645356653e-03
2.686463640989511514e-03
2.104137288414575924e-03
2.077263269314788552e-03
2.871165744931722386e-03
3.444558027621627549e-03
2.143302334238164630e-03
2.243863980087565380e-03
2.372001908186746610e-03
1.999292690922194193e-03
2.158202534807487916e-03
2.142746378390195106e-03
2.259786883479400488e-03
2.510889763736423586e-03
2.679034020620058021e-03
2.652926714387895957e-03
1.662592229549314515e-03
2.593138795505170457e-03
2.245571345990737822e-03
2.241537454215444813e-03
2.266472526902971185e-03
2.304575607183306785e-03
2.010155173617023117e-03
2.091727152022618275e-03
2.007652603455464813e-03
2.269546898660323997e-03
1.938984579957753196e-03
2.388876587883462244e-03
2.070760539838290004e-03
2.091450105347225641e-03
1.767780096693899461e-03
2.170265202812438066e-03
2.062166642596757749e-03
2.275514130598427220e-03
1.907162968131120850e-03
2.238307176930978692e-03
2.189541991268459387e-03
1.980945795719779579e-03
2.513393860905724364e-03
2.149411746099103016e-03
1.882754059462102281e-03
1.899104513851043730e-03
2.107607137067118996e-03
1.951289286409446655e-03
1.921287411626698693e-03
1.991144098862918099e-03
2.510356767215185525e-03
2.102604534022847749e-03
1.735629698978696789e-03
1.716716145465049803e-03
1.985273094401718286e-03
1.961530329673846773e-03
2.445189334691746930e-03
2.377192373951009241e-03
1.937035010661988799e-03
1.704289511255993594e-03
1.941836743877531357e-03
2.147735556052451922e-03
2.091657295810775419e-03
2.091276325677515757e-03
1.921243383040324715e-03
2.284014263792502608e-03
1.990731699855197157e-03
1.561889418991921352e-03
1.971801581598056630e-03
2.071315140227805718e-03
1.835925872362920153e-03
4.324447451652119190e-02
1.168653162056790817e-01
1.161110091629287411e-01
6.425040673037889227e-02
4.143991639687848172e-02
3.561702423698162590e-02
1.982851015062057909e-02
2.111737319262504964e-02
1.826730778756159579e-02
1.647019309247563235e-02
1.484954420533447783e-02
1.651349036269322834e-02
1.505530923378926855e-02
1.475337041094988699e-02
1.496946211583659314e-02
1.148580475482380292e-02
1.501934630476910171e-02
1.524322317231498192e-02
1.261647222617225117e-02
1.198375084184648276e-02
1.131166119972458473e-02
9.837604400527791282e-03
9.524661696616074091e-03
1.136325062372318950e-02
1.003747936520241191e-02
9.503967842814139977e-03
1.239282399212360275e-02
1.018213439156295808e-02
1.094950954483041305e-02
8.498082269113096943e-03
8.839791326272175565e-03
8.625413714214213989e-03
1.078547344157820831e-02
8.958771377879093389e-03
8.714127258313317248e-03
7.958793684440690352e-03
6.800662935540990883e-03
8.034421105967665122e-03
7.775130778422789657e-03
8.092798357473909854e-03
8.357710897913483983e-03
6.625193020129815924e-03
7.274988897113254804e-03
6.746610895689134080e-03
6.863340045557872471e-03
6.826200090754963590e-03
7.838046873951523552e-03
7.055440045182409525e-03
6.715600361723000900e-03
6.297276560796191691e-03
5.909447979415186070e-03
7.308500058487807371e-03
5.984631025633263546e-03
6.582966033221379631e-03
6.824742204643893806e-03
6.907075946584934067e-03
5.308598253244936616e-03
5.752450732047831305e-03
5.629431731486028712e-03
4.548576373559209962e-03
6.847457444683804906e-03
5.690298205141261501e-03
5.563592041805995314e-03
4.858276948870726697e-03
4.671802686918524739e-03
4.649873530921069809e-03
7.170555951818563534e-03
8.227991860410538427e-03
7.411821299552229236e-03
7.006186824967883253e-03
6.797815613949098612e-03
6.330534075712768161e-03
6.029070923602442011e-03
6.859391561744393462e-03
5.658605725344822979e-03
5.626023410760239152e-03
4.792734507409301958e-03
4.706287557093014051e-03
5.517040872663608875e-03
4.768104287950505893e-03
5.552923986439819992e-03
7.465691728023096663e-03
5.158837510155098172e-03
4.482204931911731860e-03
4.989567090657787141e-03
4.531724117862984125e-03
4.527305541868462124e-03
4.501008326716682273e-03
5.045576745525817697e-03
3.909041632499554719e-03
4.287122024222558836e-03
4.514062155940273824e-03
4.008067239171742013e-03
4.241413575604605080e-03
3.880900624723432335e-03
5.276508103373767078e-03
6.244553291306187415e-03
4.680838013968652289e-03
4.998926222396837815e-03
4.686029067153124616e-03
4.680148793127170137e-03
4.262022593090983302e-03
4.360503682106067758e-03
4.204364646328992428e-03
3.773876723254243615e-03
3.873931036875666312e-03
3.427716325909005435e-03
3.717935383599213495e-03
4.302255891919126718e-03
4.312410561250423768e-03
3.625587444125374925e-03
3.542771457000451485e-03
4.391486523142917875e-03
3.540141528395449044e-03
4.826226604837391410e-03
3.727945667279977671e-03
4.009710034341001927e-03
3.508198310492732785e-03
3.318284167283414021e-03
3.078500707328693520e-03
3.022102827545336545e-03
3.234396731617364407e-03
3.112110101277071328e-03
2.856702046998296773e-03
3.643601444563868141e-03
3.243372673355338076e-03
2.700635749335225655e-03
3.067390604075098670e-03
3.293085160506997733e-03
3.021399679108957570e-03
3.294350038983817619e-03
4.446516879723180771e-03
3.858551309841765087e-03
3.750900802362358566e-03
4.404377992794972219e-03
2.904558302630408373e-03
2.894967671472820081e-03
2.661806740760441770e-03
2.380136463557738780e-03
2.501497195775650995e-03
2.782583524037832157e-03
2.484248092690127807e-03
2.802599018470769421e-03
2.163774704402210425e-03
3.069774080238285574e-03
2.091655774981313054e-03
2.565433599906741247e-03
2.458338610242721822e-03
2.160508682703038419e-03
2.062565981072239651e-03
2.159323243433236561e-03
2.178892918613631324e-03
2.112822297589675435e-03
2.485270251585264267e-03
2.069871811618786972e-03
2.109037013225567581e-03
2.518501435604739158e-03
2.299956624764079582e-03
1.788578246305336239e-03
2.291143388354788257e-03
2.296227535669354003e-03
1.948775533591268205e-03
1.974657679977426250e-03
1.401901691243059855e-03
1.888789848804181548e-03
2.310396137297748842e-03
1.645320449684406494e-03
1.597807217851840433e-03
2.407489585897731876e-03
2.038010011629370899e-03
1.657897710060599050e-03
2.351206964501001417e-03
3.703724581446549147e-03
2.647034947783982739e-03
1.821028971499993876e-03
1.997974675889760410e-03
2.045738586880896381e-03
2.706119019422012495e-03
1.577187309612426702e-03
1.861570220854702473e-03
1.774868337523050066e-03
1.932181568814500539e-03
1.914361473851711182e-03
2.263210665306075731e-03
1.919529193928820598e-03
1.519421390923120230e-03
1.787708374723209759e-03
1.282874336603526122e-03
1.921046705076145944e-03
1.421747451878202506e-03
1.775217020969249715e-03
1.685796208640594207e-03
1.698833007970565467e-03
1.191021731204611189e-03
1.429921030427286355e-03
1.830681737130412934e-03
1.421954486615986668e-03
1.248873751872436877e-03
1.586889562355989214e-03
2.065774085035679275e-03
1.767484379485248502e-03
1.507284726309676692e-03
1.396125574046558349e-03
1.548648204148059260e-03
1.317631870284607931e-03
1.627695004058946071e-03
1.732818072778641305e-03
1.090845551764016430e-03
1.579821050034083130e-03
1.636336404656837940e-03
1.616339863659083109e-03
1.629735180149860518e-03
1.537223039944954350e-03
1.399901978386380863e-03
1.380702178416709502e-03
1.391596736281169866e-03
1.683161747482675441e-03
1.982404584312980056e-03
1.457049054407230648e-03
1.730116034083364895e-03
1.403273397552043389e-03
1.901154916906691583e-03
1.584337725477613645e-03
1.620792484796254596e-03
1.706400522798232067e-03
1.408697108917666974e-03
1.631113712383461256e-03
1.716069694000108004e-03
1.819345511767073154e-03
1.599232211660264746e-03
2.044376864586458509e-03
1.500846580113179840e-03
1.559137844991898003e-03
1.124297099320895055e-03
1.774271695464874066e-03
1.113892553648632155e-03
1.358970658392771869e-03
1.938594445777111486e-03
1.897108282876730501e-03
1.358882666904870362e-03
1.306624993038602023e-03
1.379145771421425026e-03
1.365737960750165736e-03
1.433949817619961653e-03
1.354279828634008531e-03
1.457041309492479453e-03
1.132740253872610570e-03
1.082511332875041310e-03
1.553586320613684069e-03
1.552540063059715258e-03
1.303833658360370462e-03
2.223453716431830762e-03
1.608259498418043720e-03
1.201750864146380882e-03
1.291427638394598842e-03
1.152923058636470821e-03
1.667628447900540434e-03
1.424139059148787911e-03
1.833068724017505868e-03
1.480737272528273585e-03
1.322990972303234036e-03
1.543565501837498855e-03
1.200004210834132445e-03
1.518251586799246322e-03
1.658789958978154622e-03
1.458327641434858934e-03
1.468074516175019162e-03
1.844078667890894363e-03
1.613609535116022897e-03
1.445453222773007695e-03
1.317870185656322413e-03
1.746529757052667220e-03
1.546687190895248976e-03
1.440609719591090521e-03
1.503854717395003426e-03
1.796478697751097142e-03
1.540959547767367654e-03
1.132434156600831132e-03
1.385341277589907660e-03
1.714830402769623729e-03
1.257926311454632406e-03
1.486707317932267625e-03
1.495863382662207530e-03
1.348727861215731627e-03
1.453926814501640963e-03
1.419317003396564081e-03
1.470871871266848929e-03
1.643211740105968155e-03
1.523747663936605989e-03
1.835048803442415610e-03
1.329272711421677911e-03
1.213269249760715041e-03
1.586227034585871443e-03
1.251380697450038548e-03
1.046429402449214341e-03
1.188633434488745033e-03
1.290463643220413070e-03
1.383450165911376262e-03
1.419353385360394570e-03
1.373510598926208637e-03
7.990381194031248580e-02
2.411209272265593118e-01
1.109045732575353604e-01
7.017799879107981809e-02
5.236878389606722251e-02
4.088843375808134950e-02
3.740010444427351033e-02
3.308085029325905091e-02
2.949561652862039973e-02
2.626211568264663621e-02
2.682600997635675721e-02
2.632530394048240852e-02
2.328703716446127447e-02
2.169783049108084394e-02
2.094591950036912842e-02
1.700833200996305916e-02
1.706044048014593306e-02
1.364194564944466725e-02
1.579207057983725293e-02
1.431480738077095527e-02
1.253696100311617323e-02
1.158240596661419541e-02
1.185333470908533915e-02
1.267072828320832401e-02
1.026708635516015988e-02
1.037175562875967960e-02
9.317624249726874641e-03
9.157897011235746620e-03
9.657954564412388199e-03
8.775797283646441516e-03
8.270998042831115282e-03
8.937649246301887507e-03
7.674921961978165008e-03
7.192486729723210348e-03
9.255965906267787924e-03
8.944210024951243510e-03
8.182147977331674649e-03
6.820858325057965743e-03
7.288262157804759056e-03
7.677197541593766550e-03
6.976243401549397927e-03
8.123433012390199326e-03
7.914772117450036282e-03
6.723010527841688511e-03
6.876009679478684022e-03
6.420863772073709397e-03
6.725894181339439615e-03
6.281251900882509065e-03
5.323494330381747797e-03
6.437238076100637585e-03
7.193530886744306518e-03
6.920774794691678111e-03
6.484536110729285929e-03
7.002397517340219757e-03
8.991913283867072892e-03
8.054798852761224648e-03
6.407813596135153444e-03
6.633240049149266571e-03
6.034046971131606929e-03
5.969531352545229264e-03
5.642744317941358889e-03
6.031090903578562035e-03
7.752809601453219956e-03
6.465417228767283975e-03
5.647501024794582269e-03
5.455880780020572196e-03
5.800565412246869168e-03
5.437523771619170998e-03
5.819277806364070438e-03
7.465869523172088962e-03
6.841204703719738767e-03
4.814557736181709902e-03
4.549724703569721362e-03
4.883789645616337660e-03
4.571467432851347712e-03
5.795106234646851817e-03
4.964841496559110889e-03
4.436302246583451181e-03
5.179563698998662646e-03
5.514364923725964540e-03
5.189369221622483486e-03
5.235808430204227926e-03
5.426038937364291437e-03
5.383461703132863541e-03
5.692684238030265576e-03
4.787942647722573386e-03
4.990984667319037227e-03
4.703551380207199317e-03
5.202381427417426818e-03
4.242385344224372523e-03
5.443075101165845142e-03
5.776797897186103370e-03
4.597536052766193482e-03
4.521312165724974963e-03
4.680562536082497060e-03
4.147560624838342314e-03
4.500851904228372891e-03
5.257355497955543133e-03
5.287080400404098324e-03
4.048735560253591270e-03
4.596254729665946726e-03
4.420897332582038319e-03
4.295643970431320402e-03
4.000576235356642640e-03
4.250759570294679324e-03
4.081727343750063408e-03
4.217666012879955906e-03
3.260102596936736985e-03
4.302351228090958712e-03
5.165532122679616922e-03
4.362116100500232352e-03
4.130546474969881698e-03
4.441695249732910411e-03
5.148381823089340226e-03
5.978046458233368665e-03
5.242655451241279296e-03
5.441592781608717289e-03
4.965727919941709256e-03
5.714521699135485799e-03
4.602723408187223142e-03
3.995821420723133510e-03
4.306060843807968386e-03
3.625347002478809810e-03
4.295146083102344137e-03
3.919680967541014360e-03
3.767923447403120907e-03
4.765506918028766803e-03
3.840593040631307131e-03
4.009899988400192350e-03
3.748795650147906944e-03
3.436068066534403442e-03
4.053277928887571990e-03
4.848128640593821204e-03
3.551802504833667662e-03
3.826434509013432184e-03
3.802916658163901786e-03
5.718669541944790269e-03
6.775175014501935711e-03
4.687843624280485511e-03
4.068132613710973011e-03
3.893831226292929215e-03
3.621957435413242221e-03
3.586519165215282245e-03
3.617255914065864442e-03
4.542350015809104580e-03
3.295102225861115675e-03
3.578494904702453350e-03
4.140943368131352886e-03
2.609619449901401378e-03
3.212150067548824595e-03
4.422280776841619465e-03
4.746601161659563806e-03
3.128285270087780012e-03
3.275141268104436731e-03
4.744548865241879354e-03
3.561476193330359585e-03
3.118157708157473507e-03
3.265199560856274497e-03
3.468856417284810201e-03
3.729897038282553590e-03
3.038268552662690136e-03
4.312283707514616427e-03
4.430076382202940977e-03
3.357662589142051957e-03
3.702703209857730049e-03
3.648904030103275464e-03
3.511240611545923818e-03
2.935894296349592092e-03
2.713913383507821075e-03
3.165876941482681506e-03
3.059622061661854131e-03
2.341111151851649197e-03
2.868328489915347723e-03
4.608758600434414987e-03
3.051417196860556347e-03
2.720372456928077387e-03
2.644196659376846226e-03
3.238147996629053837e-03
3.949534283677988422e-03
2.349801287120603654e-03
3.460341489862503450e-03
3.041513609455009925e-03
3.491936194707598307e-03
3.451503545833289888e-03
4.625130232988688972e-03
6.242180538818808966e-03
8.034436366808866969e-03
3.491377385359817342e-03
3.650030575678947509e-03
3.705784023947153449e-03
4.606388742108696865e-03
4.301989591197610818e-03
3.461947107319521266e-03
3.761096094794719180e-03
3.751373527444784584e-03
4.425015389490957740e-03
4.092060843253045310e-03
3.030414538892259313e-03
3.026893073977701687e-03
3.119539137129700990e-03
2.430228833895348162e-03
2.834587816397615700e-03
2.673767252932154892e-03
2.972687708473892298e-03
2.543921115238545472e-03
2.681403951504929273e-03
2.411813830506412404e-03
2.475484102177766266e-03
3.973488209967096507e-03
2.221634970690666844e-03
3.496163624426548711e-03
2.359447575738818359e-03
2.609009160208355937e-03
3.044015777130773537e-03
2.464827867870486577e-03
3.106221275564272077e-03
2.374770915554991202e-03
2.573150890280706538e-03
2.461837501455926835e-03
3.117375375628450573e-03
4.368938778432904235e-03
3.311745717068673156e-03
3.900129366527754771e-03
2.600593018095273545e-03
2.958193276989456999e-03
2.418076908879823739e-03
2.847012299867460183e-03
3.639667013665900952e-03
2.903096597394433376e-03
2.772651520602534281e-03
2.832773986405356936e-03
3.028787837550603323e-03
2.807425873780633463e-03
2.561443255456902213e-03
2.714480754982220856e-03
2.509317870847321830e-03
2.897611533331220790e-03
3.291638897633175631e-03
3.446013307580916840e-03
2.726238320488558187e-03
2.551856410162298139e-03
2.225679511840619740e-03
2.876313682846937114e-03
2.621576026049149410e-03
2.381606757519277862e-03
2.423405212868420811e-03
2.823110228953845668e-03
3.146357209012531908e-03
2.540897896379012977e-03
2.435671022566046617e-03
2.521251166368809749e-03
2.603141103923345412e-03
2.487951915270819603e-03
2.107146604378606902e-03
2.654361251098566465e-03
2.405119429661595198e-03
2.175923523715261876e-03
2.226902564077065660e-03
2.299337084897240535e-03
2.573060735781701469e-03
2.478958711163936623e-03
2.503831069986278690e-03
2.722488273081302701e-03
2.355889395027260802e-03
3.152557914833403752e-03
2.626499884339938973e-03
4.153837023401607542e-03
2.367273018116192174e-03
3.028751272404817119e-03
2.379171438351493362e-03
2.658181459854913609e-03
2.948036399234549298e-03
2.514333613881189478e-03
2.730882161720557533e-03
3.174724825629804403e-03
3.174165163803643885e-03
2.706533760543985978e-03
3.358678955132560207e-03
3.180417164693832843e-03
2.478616802209621106e-03
4.092289439678875596e-03
3.230892825685519054e-03
3.157881112118343658e-03
2.688571007901749410e-03
2.472428792989700419e-03
2.217436458777699571e-03
2.770975309328502223e-03
2.394181634125927549e-03
2.906331340608386826e-03
2.053059703114534784e-03
2.135617832041830644e-03
2.194204227567775334e-03
2.482404138813842920e-03
2.349448473506765556e-03
3.098856449508469169e-03
2.278064745137614588e-03
2.648199339483653381e-03
2.748368081787605499e-03
2.281029003837836688e-03
2.508437982870398431e-03
8.913017381992409394e-02
7.549210867197338193e-02
1.112393667101373579e-01
6.139284249226174828e-02
3.449423341727830827e-02
2.523178076386450863e-02
1.956931908351337845e-02
2.022746802377628494e-02
1.550185822876531949e-02
1.491489652980773628e-02
1.286937903240935321e-02
1.233545076609270097e-02
1.129897076925258370e-02
1.115073485118132923e-02
1.127215584068580467e-02
1.314462688373704835e-02
1.435591051236488613e-02
1.261897078244819670e-02
1.203122889744362434e-02
1.231532825887832194e-02
1.387688092852024102e-02
1.161180651987191170e-02
1.313619519691607007e-02
1.242674774701810203e-02
1.222548159792211098e-02
1.343434867401294142e-02
9.666733593106130451e-03
1.057861875312186839e-02
1.029941165824013738e-02
1.008904236564386880e-02
7.787170233201357039e-03
9.130957910359255303e-03
8.297529831287647761e-03
8.391559829392755687e-03
8.159872078716851052e-03
7.622555646209977498e-03
1.003995110594647910e-02
1.129927270346622881e-02
1.112682741435311318e-02
1.127995355868054161e-02
1.034522245061580970e-02
1.084071874731772078e-02
1.062098555228627172e-02
8.530899449965975712e-03
8.759836568380779953e-03
7.251576493209760388e-03
7.071347617943979369e-03
6.444482832625525459e-03
8.242284544577524463e-03
8.211995419444756417e-03
7.671401990229836931e-03
7.198813787491389893e-03
6.921733454468587121e-03
5.144706337088425507e-03
5.527956442965747952e-03
5.870395019933277725e-03
5.461904870606812401e-03
5.680216380025110423e-03
5.356472607346424164e-03
5.693406212361279417e-03
6.208243368776178439e-03
5.958779196260644007e-03
5.637042467708144877e-03
6.162704925531767297e-03
5.818014932435028319e-03
6.105040846246606590e-03
6.738897851337424805e-03
5.195947056855804158e-03
5.809948900885736345e-03
5.149728877299530883e-03
4.983012126503053030e-03
5.996097781124018478e-03
5.498887662148954636e-03
5.137768133475051346e-03
5.080740917288439906e-03
5.869916232908944931e-03
4.763192302966179348e-03
7.813486715791101433e-03
6.224813911211254935e-03
7.183328528241689215e-03
5.159668788918339577e-03
5.304658778160331600e-03
5.163180545065954030e-03
6.298822690633462673e-03
5.005286450872212245e-03
5.351114689153460557e-03
6.456808588487239486e-03
5.586934068499235795e-03
5.118159596408572432e-03
5.385608241443615163e-03
6.861688569865589948e-03
5.467134754101821148e-03
5.316467469199240292e-03
5.470841871281634239e-03
5.614325257951052750e-03
5.127096155476323913e-03
4.829475503849323115e-03
5.690745162548860314e-03
5.663366350201703980e-03
4.974475198244537877e-03
5.463573403080790314e-03
6.231389636043749292e-03
6.782913174149682312e-03
5.166783408624253671e-03
5.646613038012601726e-03
5.474106726675947998e-03
5.242874422860532846e-03
5.993234711698852690e-03
5.942634050788819788e-03
4.745385297415402603e-03
6.151358508939719361e-03
6.899599402134290460e-03
5.166550042657480635e-03
5.016558448128469183e-03
4.711302493609362263e-03
4.739657865662480485e-03
5.137734827037179763e-03
4.661012966918079425e-03
5.701924808021285873e-03
5.318096304374964056e-03
5.623368843073281442e-03
5.195116850028075328e-03
6.561841331083423379e-03
7.363015463158720242e-03
5.883245074154788701e-03
5.062699441551604673e-03
4.358134256253143324e-03
4.457406987412079746e-03
5.560981016802649113e-03
4.427096622198034570e-03
5.564441312285436925e-03
3.790989442708947443e-03
6.020634003420829994e-03
4.880798353222928765e-03
4.312051534837019195e-03
4.849119386049871583e-03
4.455114368851209594e-03
4.713295850116636099e-03
5.306634954445610397e-03
5.007489333469269943e-03
3.818729027120354447e-03
4.240138926489903093e-03
3.891216479280007468e-03
4.863214213119040896e-03
4.054337257944601314e-03
5.528856617818905805e-03
4.039193314216260600e-03
5.087366915892579944e-03
4.237040770794883726e-03
3.821040492212102180e-03
4.156936199872701687e-03
3.802020543101025662e-03
4.630811244233881685e-03
4.322664338837420295e-03
4.403188906876798203e-03
4.302684045532911838e-03
3.479936425605290040e-03
5.146778153501035957e-03
4.133260894902734961e-03
4.025973680445923963e-03
3.666530305132684187e-03
4.849701126793712347e-03
4.496887748995981315e-03
3.691222030575758151e-03
3.921888592753081104e-03
4.109244549945975655e-03
3.675503180550099280e-03
4.743586997956170115e-03
4.129253380478259405e-03
4.232265954844549594e-03
3.608728527292479060e-03
3.665753577722669077e-03
3.609017801475655762e-03
3.394983473075860458e-03
3.300001041526626211e-03
3.924175668486712398e-03
3.349077244511847185e-03
3.318953556608120192e-03
3.828065388124288204e-03
4.085093514699239536e-03
4.015679938286151329e-03
3.795861153752591588e-03
3.666358181802137350e-03
3.452774395605706648e-03
4.171670734647914269e-03
3.569364628578208798e-03
3.016523002393203812e-03
3.711615558125436198e-03
3.494098502596340583e-03
3.137012120252954950e-03
3.212057832316733696e-03
3.248059957943277842e-03
3.533310922459370618e-03
2.950426564646974059e-03
3.427849879792319032e-03
3.489573854509916973e-03
3.092280521978935104e-03
2.797308606543646992e-03
3.598251356159765102e-03
3.401059845068415965e-03
3.389897914756329067e-03
3.276552405304389293e-03
3.100824200826329813e-03
2.806172603418810585e-03
2.878920040567695127e-03
2.570900988425189881e-03
3.341270651758515564e-03
2.709151824196190383e-03
2.800728647954914274e-03
2.566901275582095243e-03
2.921932891855452685e-03
2.833590348608625020e-03
3.096551882961429136e-03
3.179346839023988736e-03
2.639195452744103054e-03
2.458145659288341056e-03
2.902387368649797517e-03
3.074463763945295414e-03
2.279395065009640065e-03
2.737939183498988571e-03
2.129955019021231855e-03
2.904263830859746265e-03
3.242487530386223282e-03
2.469311633260640182e-03
2.628094652276424803e-03
2.713399526308737930e-03
3.106387084247347330e-03
2.745056732566267255e-03
2.676296471470177019e-03
2.630398118020141340e-03
2.147735441444448279e-03
2.792716141987824918e-03
2.315727408771534046e-03
2.886890520488599732e-03
2.494782822603902606e-03
2.189378069967551355e-03
2.256639365501814098e-03
2.054546491816966469e-03
2.283056867019295222e-03
3.051556374165223517e-03
2.482032881173143468e-03
2.231933014671533266e-03
2.673370909505867754e-03
1.941233745548887057e-03
2.381787009983329928e-03
2.108895729345139358e-03
2.285931332540278027e-03
2.478832458312887899e-03
2.305423601403441825e-03
2.249042998995656739e-03
2.079904221521280960e-03
2.418466128749990895e-03
2.110090977242559673e-03
2.098985640728551205e-03
2.341389830881487888e-03
2.206716444867723448e-03
2.724231637515478477e-03
2.330965125535738869e-03
2.621874903765003539e-03
1.868175107780145616e-03
1.943609066132528929e-03
1.919299449610056829e-03
2.095703652565616970e-03
2.625887459457840190e-03
2.201303065540297088e-03
2.203949131048626997e-03
2.264893256392216947e-03
1.783357039733660110e-03
2.618803072263878318e-03
2.317409218033694707e-03
2.277342776445506756e-03
2.119826862689661029e-03
2.143226031439085522e-03
2.321603823253401422e-03
2.311327981345687177e-03
2.123991527270469026e-03
1.906479979771308342e-03
1.857621695162264830e-03
2.188283843084698477e-03
2.674502089213506850e-03
2.343506446257359599e-03
1.952575702746026098e-03
2.071467496964865540e-03
2.439946076981169831e-03
2.162150667802203996e-03
1.921643186854671281e-03
1.920179600133548048e-03
2.401921938503664977e-03
2.169482703173145066e-03
1.921302375913827576e-03
1.654244918317795965e-03
2.469093713240624877e-03
2.390376182481598888e-03
1.765369250734200035e-03
2.185837076839072801e-03
1.690083615326368194e-03
1.724341198411333265e-03
1.940586940430047425e-03
2.681977413535749366e-03
2.404769235210851841e-03
1.623455059343612006e-01
8.105833077651000695e-02
4.624720912706462017e-02
3.839026319853013069e-02
3.150132825039608786e-02
3.289495856349201885e-02
2.905064108272155388e-02
2.406151974872138000e-02
2.273071881980448516e-02
1.877117579314427354e-02
1.982753179962423729e-02
1.896796883162356340e-02
2.240964674875481344e-02
3.100470346975059410e-02
2.097475909130547267e-02
2.012273011400657341e-02
1.653503781229331837e-02
1.412164678199850920e-02
1.324672505020266233e-02
1.523785348855796751e-02
1.273743467537696850e-02
1.261637588588308823e-02
1.396734312311409543e-02
1.356766234515173475e-02
1.131646933336639960e-02
1.221535727258400705e-02
1.280992084937362940e-02
1.320169346770314056e-02
1.226147262583220099e-02
1.253974878290634032e-02
1.181821913173343452e-02
1.025332636451739554e-02
1.037829881109185448e-02
9.340364663776148935e-03
9.975278987919514173e-03
8.443648710768594801e-03
6.427349163634715756e-03
1.005172777477014723e-02
1.181751058933258602e-02
9.209824963687204824e-03
1.060223856403770537e-02
9.425778510748952788e-03
8.812417327359434172e-03
1.000800805397003557e-02
7.481023633405733952e-03
6.894510776537993157e-03
6.275678692429093042e-03
5.737144983505970686e-03
6.192132374141179341e-03
5.375224750377896599e-03
5.400899696249433779e-03
6.610030255142715361e-03
6.725047072813808424e-03
6.187216140068757531e-03
8.293493475617932931e-03
6.040975154178535034e-03
6.307657978262964926e-03
4.866022771889855214e-03
7.213490581643583477e-03
4.339519850792616928e-03
4.575890174810290367e-03
4.828121685570258004e-03
5.112964334780326081e-03
4.938923451342586146e-03
4.546435172468943353e-03
5.569706714412758775e-03
5.066725816265688076e-03
5.403169580870989530e-03
3.677234665820955373e-03
4.496340501946666235e-03
4.284923339922544483e-03
5.185136460291117633e-03
5.001603972136475784e-03
5.475808527425490846e-03
4.425567391097520731e-03
3.831651222704568482e-03
4.906095891352657556e-03
3.762425878890710007e-03
4.218682088034539368e-03
4.226275605851467776e-03
3.551363371894489251e-03
4.091168136560130453e-03
4.186811244145632882e-03
3.760620829275362897e-03
3.320670128039576730e-03
4.016950711117336925e-03
4.720618934528311716e-03
3.311423646728095527e-03
3.888856984969477071e-03
4.025082948526895188e-03
3.801496682401886429e-03
3.658528395713830927e-03
3.629458048156203320e-03
3.965549592659586842e-03
3.886110360270311759e-03
3.756744946281878605e-03
3.232545065775499493e-03
3.862965644720328662e-03
3.838550315350422459e-03
4.220635507170042433e-03
3.462842093639256769e-03
3.763190398820948079e-03
3.728155776520955533e-03
3.583025893673180695e-03
3.120166796666615228e-03
3.356546693821280125e-03
4.490423124513545639e-03
4.561779295740808760e-03
4.801101187396697445e-03
4.667861794277361476e-03
5.765194495163258881e-03
3.683842954962268657e-03
3.841297629714690576e-03
3.126904207007744074e-03
3.337251163721383085e-03
3.512690542914087555e-03
3.501911958519343671e-03
2.798507639324113172e-03
3.816324128186790454e-03
3.043145338867098149e-03
2.758120626151536192e-03
3.964391666549910154e-03
3.222048454915069082e-03
3.982946936071846133e-03
5.154371735404159049e-03
3.807207134827600425e-03
3.768921591707344310e-03
3.233092671862891621e-03
2.870738935258715374e-03
3.181467757336478575e-03
2.878069084957038393e-03
3.715385277165847433e-03
4.033946778593422433e-03
3.806365528464611403e-03
4.459969486836593000e-03
2.584673750893815014e-03
3.035136404519328535e-03
4.338410372219561606e-03
3.633831498506046032e-03
3.259679644627297423e-03
3.338692878338905823e-03
2.896005490942765714e-03
2.860761310441842231e-03
3.041191003662735426e-03
2.453944284220341276e-03
3.687636909178074185e-03
3.279961744700521376e-03
2.821138518076263257e-03
3.292504940393736756e-03
3.501856312682405381e-03
3.552182645720963761e-03
2.732597403348094312e-03
2.821728101491532970e-03
3.611906308782442121e-03
2.822621325902621714e-03
3.268514568438463108e-03
2.428095918679207266e-03
3.749975554316470339e-03
3.221798026417602157e-03
2.882900519813741402e-03
2.886434234865037363e-03
3.156227946870870937e-03
2.898317207967987530e-03
2.994394541449757474e-03
2.864776470587179769e-03
2.682122310611712024e-03
2.524323665193839439e-03
3.914554008952950137e-03
3.408846704093373980e-03
3.667389785355384957e-03
3.495570530382408059e-03
3.375154317926648551e-03
3.004326991612571440e-03
2.828223791502146311e-03
3.775779340858181898e-03
3.423173252848465964e-03
4.531200987160491356e-03
3.219244759335840311e-03
3.896545536729176251e-03
3.210436953363732249e-03
3.876772382536891604e-03
2.971557546419520413e-03
3.803885481122884493e-03
3.789490367499384615e-03
3.145948566943446156e-03
3.035466104805040199e-03
3.973028952596116548e-03
3.068390026468234555e-03
3.796401183218750530e-03
3.703158048542279368e-03
3.070375728730923015e-03
2.619106105539184548e-03
2.996310676585706156e-03
3.087821146705943542e-03
2.521389372237836657e-03
2.555488685017537343e-03
2.944916794339641486e-03
2.800723465129523193e-03
2.489069390723741559e-03
2.716414722808438431e-03
2.944818602997500978e-03
2.587157559539157714e-03
2.610771355235408375e-03
2.808146714523077070e-03
2.353497025715772795e-03
2.840746132262900181e-03
2.791724088142100157e-03
2.672109700388933251e-03
2.453126614963538343e-03
2.477958490934267788e-03
2.849245741874048554e-03
2.456857151504024395e-03
2.588815133545460667e-03
2.916155203882872526e-03
2.343610131157677912e-03
2.863230429732216420e-03
2.681800751878682387e-03
3.519095991806039936e-03
3.421078896648097056e-03
3.963906623401333706e-03
5.257096062502131240e-03
5.769264223023123916e-03
5.273012472590585253e-03
3.735648566513261049e-03
2.910903919862858902e-03
2.296114013802169618e-03
3.946425351301519058e-03
2.880493966102251613e-03
3.006017975920954877e-03
3.089187162095080597e-03
3.217393006529012389e-03
3.057676184417879028e-03
3.067759380418533244e-03
2.652258497112383595e-03
1.999041723639641277e-03
2.602358599383236548e-03
2.388840018679977417e-03
2.942597308119548893e-03
2.128480774724800240e-03
2.413699194292240335e-03
2.363485322528002808e-03
2.880651759030294912e-03
2.515257810069171374e-03
4.582883844588686584e-03
2.776581552225279581e-03
2.842959418873344801e-03
3.730355048090008840e-03
2.932078375731950182e-03
2.293170883345657662e-03
2.800953284511104036e-03
2.105572298847807611e-03
2.749144219065982608e-03
2.819050254127847266e-03
2.972523582265643172e-03
2.806273766043948514e-03
2.981411319226287548e-03
3.063081410048823505e-03
3.158444456037454162e-03
2.616449091691300244e-03
2.748334460102738741e-03
2.367693866543160719e-03
2.866485610750771351e-03
2.235817298067654946e-03
2.826418182948306490e-03
2.570697892177634114e-03
2.287627326974350783e-03
3.424328113158944809e-03
2.630047039089200567e-03
2.538324222115778683e-03
2.616234065734190928e-03
2.182356807569105217e-03
3.950596429643807306e-03
2.467171870651846399e-03
2.336500547745617995e-03
2.427567768331986842e-03
2.525276169899143275e-03
2.414802901324106243e-03
2.086988051482663309e-03
2.978496015907397543e-03
2.439854482186115670e-03
2.465457766402112671e-03
2.378457223091906547e-03
2.313357012665911983e-03
2.722199600213928705e-03
2.364976516299105436e-03
1.978040024566890542e-03
2.720044302726265517e-03
2.413634219250698765e-03
2.754302415023543449e-03
2.245639062196727598e-03
2.215335274300914148e-03
2.558008939181205532e-03
2.322626056209087242e-03
2.899868514365064320e-03
2.215595791629318412e-03
2.688595844744096075e-03
2.532755195979438656e-03
2.730281239065768251e-03
2.881352749957738490e-03
2.561266223810046427e-03
8.762749181377488261e-02
4.678802467380021035e-01
8.093023182091256540e-02
5.532583672110936990e-02
4.227857177523559884e-02
3.616958479573137430e-02
3.051593611332456546e-02
2.556812550854925536e-02
2.439405204552937134e-02
2.486850375145495395e-02
2.270894161117978372e-02
2.129313185483343307e-02
2.341263759211226203e-02
2.124360970878169663e-02
1.792274233708657238e-02
2.119452566911859959e-02
1.857525471217197355e-02
1.870875318367148932e-02
1.805540864258373124e-02
1.669152864043187134e-02
1.677764044565870083e-02
1.831831136940444138e-02
1.737980131888856861e-02
1.557058375838028808e-02
1.666004353981989650e-02
1.713649522762684951e-02
1.700290962120662441e-02
1.626715810636779336e-02
1.560252362476481636e-02
1.451903320270112041e-02
1.449583087588723895e-02
1.505338993699395500e-02
1.464098292720067418e-02
1.695712844472140046e-02
1.529062153363437704e-02
1.528593701542135808e-02
1.555019648579987479e-02
1.379859866364659127e-02
1.651264263187644799e-02
1.600395267758292217e-02
1.481506162497578383e-02
1.559751086836161371e-02
1.567518286573273134e-02
1.399239442842296899e-02
1.546442835706113295e-02
1.329168860482825287e-02
1.377695144431444196e-02
1.386168620497796322e-02
1.610347360160889474e-02
1.494170522614539365e-02
1.335798662799465852e-02
1.459770318881609130e-02
1.247117514616412348e-02
1.299412243919251253e-02
1.355028648049343143e-02
1.067160469414993318e-02
1.152590914070511507e-02
1.105199422014224719e-02
1.183623146789088143e-02
1.168348977713573600e-02
9.474342467984786520e-03
1.047751216192426005e-02
1.127471824909545561e-02
9.518299160234333645e-03
8.753209644564219349e-03
8.806532705861971899e-03
8.722349311464649979e-03
9.751040372343505735e-03
7.399246636795475673e-03
7.313824383340147839e-03
8.190380792411508515e-03
8.477092042572589858e-03
7.170313446455772732e-03
7.249067081564933290e-03
7.785962293292730818e-03
7.162146392460239097e-03
7.912292029259845871e-03
7.378032627204211824e-03
6.306019440811577725e-03
7.607020168171080288e-03
7.553075340820017414e-03
6.332075243197954340e-03
6.632151694658985908e-03
7.784991788327061402e-03
6.582540170784939582e-03
5.918018156974541588e-03
5.282923594502039744e-03
6.242769088991823034e-03
5.779134140897701499e-03
5.766097160710428882e-03
6.080725783533677542e-03
6.512747977284932821e-03
6.169700347151765851e-03
5.018327384051127216e-03
6.010224374254732882e-03
5.625108274747339654e-03
5.622751291722363765e-03
5.363322466569245273e-03
5.232661758742998548e-03
5.171047176161555625e-03
5.177322571615752822e-03
6.106513505285751653e-03
6.473925395437035712e-03
5.594596082836342243e-03
5.494361974555189709e-03
5.527136648059122193e-03
4.561472159772761437e-03
4.984267537283010308e-03
5.883433065035859055e-03
5.206668332681130273e-03
4.319260161796747988e-03
4.043293489642774130e-03
4.537457150769003134e-03
5.400102879791618404e-03
5.482994115737785390e-03
5.568258572643688953e-03
5.275446281114870573e-03
4.488821902635331540e-03
4.158372364143084199e-03
5.232220289365110966e-03
3.962757167754987764e-03
4.140186348631877400e-03
4.151707099131679568e-03
4.240058275668229237e-03
3.717192964010213041e-03
4.064076448491341087e-03
4.844473317434441761e-03
4.544487715099798653e-03
4.037441398031527129e-03
4.610530182694527745e-03
3.329599829729606997e-03
3.602899117365152004e-03
3.718207253522731737e-03
3.770104602453888676e-03
3.902758770392172893e-03
4.065076372104153846e-03
3.774557174419296279e-03
4.147362844684060468e-03
4.424866555674519808e-03
4.767796390803547002e-03
3.816476714952249383e-03
3.578483449576452813e-03
3.723998577376722019e-03
3.458669813653600378e-03
3.592036042040017141e-03
3.056551564238965679e-03
3.138880864462859077e-03
2.570135453360419819e-03
3.401305719696864904e-03
3.364590182628829362e-03
2.739925704176138233e-03
3.419655441967706100e-03
3.554989025089397292e-03
3.781923898571695752e-03
3.404469543892424399e-03
3.224206368438370385e-03
3.874730077421728591e-03
3.114592302886382003e-03
3.321567292139504524e-03
3.363411098089727491e-03
3.440894686390957857e-03
3.565353931008125032e-03
2.725539105123811479e-03
2.489964276659109577e-03
2.607749812793408450e-03
2.710545134921221733e-03
2.903174811167918978e-03
2.860086120377788865e-03
3.387968777231492590e-03
3.431321803271769610e-03
3.318224939271904872e-03
2.865406685723881353e-03
2.213805307424335234e-03
3.178718960248141934e-03
2.638987633717060355e-03
2.802712650115904425e-03
3.545014670241167232e-03
2.273968947974491783e-03
2.599383732838855821e-03
3.963552841069556409e-03
2.550071407553186620e-03
2.947404262650721307e-03
2.637600148736651828e-03
2.920741940633020395e-03
2.191097175124639973e-03
2.453135491379265787e-03
2.650933257023632694e-03
2.741591006912957873e-03
2.790706885309260366e-03
3.039782341773961116e-03
2.539026924522042039e-03
2.524188875102681417e-03
3.233850370960300591e-03
2.626806546392426722e-03
2.171191444072351207e-03
1.987001207987476592e-03
1.947965194000381151e-03
2.122380907350424062e-03
2.700195967975188571e-03
2.537757981544694341e-03
2.864166261917280853e-03
2.067001375309560074e-03
1.952943381164029546e-03
2.554311531078462538e-03
2.428040164190806149e-03
2.683034956793117765e-03
2.296133521393309285e-03
2.707382806825003874e-03
2.647569609860345174e-03
2.446076605280872451e-03
2.192070549903737953e-03
1.827061055572593018e-03
1.899343215883503300e-03
2.357761801389357537e-03
2.012010634425159816e-03
1.870282927091196368e-03
1.650075250354293699e-03
2.639960504846231015e-03
2.099613368565705906e-03
2.021292578439609633e-03
2.372534289927855089e-03
2.254823283359450037e-03
2.761736475535597757e-03
2.136426231541588283e-03
2.409425716446894628e-03
2.473453284038140687e-03
1.779035405481840804e-03
1.997046698390375630e-03
2.267083115681509109e-03
1.929124867458109627e-03
2.242376257695757880e-03
2.101120077932339125e-03
2.185007242413716799e-03
2.039838666233029230e-03
2.125067548274295337e-03
1.818993170665417214e-03
2.174156934455134804e-03
2.444931183830031940e-03
1.850262791597639955e-03
1.783632739858070915e-03
2.127021658228964163e-03
2.707842825924178243e-03
1.863718827158161728e-03
1.743233905659419269e-03
2.186808938396539448e-03
1.749003757316125451e-03
2.580244501365430709e-03
2.222504365991292974e-03
2.179972051213133200e-03
1.581419586453886028e-03
3.093959410907759500e-03
2.012880828440116732e-03
1.568337166438990571e-03
1.831768154961083139e-03
2.196728283635401846e-03
1.919886890439481686e-03
2.089003116077153832e-03
1.638272607023705252e-03
1.721591124365651204e-03
2.052943429421014154e-03
2.121324867039087181e-03
2.509524796737758190e-03
1.885972216399994794e-03
2.176530473730661774e-03
1.637614875826490235e-03
2.042076771632317378e-03
1.708756310082298890e-03
1.803163226022280741e-03
1.470205142017178002e-03
2.205642010234293293e-03
1.474833823881027683e-03
2.060457201091298041e-03
2.068157572893553064e-03
1.511538563599951202e-03
1.749421764316264061e-03
2.045685747961781265e-03
1.532220826409136372e-03
1.748876326552628591e-03
2.136051609675782004e-03
2.429506333681580310e-03
1.551686891297421322e-03
1.943232681011819452e-03
2.113921374760532879e-03
3.062842775625559955e-03
1.757789606463361354e-03
2.465000216430951463e-03
1.846126781496301716e-03
1.792505757956669443e-03
2.028625284970914100e-03
1.780176136542077625e-03
2.010834564207031327e-03
1.641691792274690975e-03
1.889927477776803810e-03
1.453856161788447121e-03
1.810221514303989032e-03
1.595785013485354065e-03
1.743037045421502729e-03
1.551192834591264003e-03
1.816545004711317413e-03
1.831558182112419386e-03
1.120620962144581456e-01
1.698558390192419498e-01
1.109784521147981484e-01
5.034752812867494820e-02
3.845745117802205904e-02
3.431647706652682372e-02
2.800909008168810110e-02
2.343007144646033768e-02
2.404308084329745410e-02
2.325204239952746721e-02
1.805241854427826198e-02
1.913703573810172920e-02
1.780456132151864157e-02
1.752054036060521347e-02
1.758607206285763003e-02
1.724760304209635442e-02
1.690162424334432090e-02
1.690883600761015904e-02
1.448000432422853756e-02
1.493130814868810774e-02
1.673845251462582895e-02
1.331977863971106624e-02
1.346538612648129352e-02
1.471623942721372869e-02
1.542688809162648389e-02
1.482760964026590134e-02
1.356180328059357343e-02
1.288616772678582989e-02
1.354848711254062754e-02
1.258315446575035412e-02
1.383604687028053282e-02
1.177268926498914459e-02
1.343201108105762653e-02
1.376729356436023899e-02
1.378877551172724703e-02
1.441681303384897972e-02
1.129595112574797999e-02
1.314038347563484255e-02
1.193670459317097698e-02
1.217866199530545646e-02
1.464830476829395711e-02
1.237448588905892821e-02
1.342672192844668322e-02
1.471783089525437183e-02
1.326088322818946841e-02
1.268560559402205634e-02
1.234381845022164415e-02
1.185868312235918709e-02
1.175038111114617978e-02
1.277910149568352305e-02
1.225464137058708547e-02
1.254056233611031135e-02
1.205571718885631305e-02
1.400648832856066228e-02
1.149365033340757347e-02
1.106936796550184177e-02
1.404938132313302002e-02
1.139503289509694040e-02
1.346775295259443339e-02
1.188494633899739306e-02
1.152044206137717297e-02
1.110351046767427130e-02
1.226565105568955261e-02
1.227247763345169773e-02
1.175295183859140224e-02
1.236934196275776832e-02
1.228158079286861826e-02
1.177262848260192396e-02
1.114730652268942912e-02
1.202274170155585853e-02
1.266117241009381833e-02
1.215296030191641286e-02
1.071748037533434839e-02
1.339269219319841331e-02
1.251829197964346441e-02
1.049313221050408862e-02
1.067577131168068183e-02
1.122303151717204961e-02
9.983374012568074773e-03
9.204216443452692409e-03
1.092298947917483276e-02
9.227798547177687438e-03
8.073601319144543820e-03
1.027244712907322832e-02
8.931903608736441180e-03
8.971368920960218207e-03
7.317376608886219658e-03
9.163812387841613338e-03
8.129056897794514902e-03
8.663053469378401150e-03
7.487739916783656136e-03
8.698186690313400304e-03
7.716633932812938523e-03
7.464288912218272620e-03
6.535063477845326485e-03
6.071436222904513791e-03
6.993928842010013747e-03
6.479089373369328886e-03
6.449123410558740832e-03
7.587187728791910946e-03
7.119350459541623488e-03
7.787229484149837955e-03
6.670105590001251805e-03
6.184088575326054937e-03
6.469440459573289059e-03
6.415190430258690957e-03
6.099181652238189200e-03
6.849282746899082452e-03
6.494482672577406301e-03
6.505194613599052378e-03
6.209072066049689531e-03
6.734526349958386282e-03
5.622555214729582640e-03
5.798723626811566612e-03
5.733495197360563567e-03
6.175916342858980834e-03
6.624230942922221255e-03
6.212178935009360359e-03
7.448256967200486689e-03
5.124827896137607031e-03
5.628579496624736000e-03
6.417455593666174241e-03
6.467488744411997725e-03
5.019705404128549375e-03
5.806214041470525444e-03
6.863821168468425826e-03
6.548979775696503469e-03
5.054599962358824472e-03
5.846908925396285261e-03
5.984841172583174607e-03
5.087037140052680373e-03
5.604176777055741576e-03
5.470272695663289109e-03
6.175970554247109390e-03
5.913574882417643730e-03
4.843282366072912404e-03
5.339805695275090525e-03
5.554118788775583293e-03
5.243155796086487741e-03
5.597109673389943918e-03
6.022480750863271060e-03
6.502518603228257810e-03
4.966115405552334883e-03
4.413356497453210792e-03
5.590395872410253153e-03
5.036739639308993044e-03
5.650497419500036256e-03
4.686604938070909609e-03
5.684975945318623824e-03
5.283112270309128777e-03
4.726867841104848145e-03
5.812104035211054787e-03
5.974485031958493009e-03
5.450372254030222408e-03
5.353081123891878512e-03
6.694622805806224597e-03
5.044190300488873846e-03
4.171634437045851351e-03
4.998560158311488033e-03
5.046146673951881767e-03
5.088777635267272004e-03
5.510241899829432244e-03
5.529552576884699810e-03
5.142528703845392068e-03
5.308463828732776224e-03
5.908746030224468204e-03
5.428321733252056136e-03
5.005926432100848977e-03
4.911309829757501411e-03
5.342038944161658920e-03
5.790217495752841836e-03
4.688234269116936526e-03
4.560679725231081560e-03
5.575792707039825546e-03
4.478315133422339223e-03
5.787561551685582728e-03
5.328476818379432323e-03
4.638735722898731928e-03
5.336604663632948942e-03
4.952762435089186344e-03
6.115670465600187011e-03
5.765185622906524032e-03
4.767882077366294991e-03
4.733248091354669285e-03
4.550851655373180926e-03
4.854430486302380165e-03
5.376248123205695784e-03
5.783253177175026738e-03
4.581438715545033125e-03
5.234911182299670229e-03
4.303667160510976641e-03
6.059047910997622521e-03
4.411887128637992372e-03
4.526326924415818853e-03
5.348672805358195559e-03
5.612926864577760799e-03
4.604626786834709051e-03
4.874540605955365868e-03
4.204586181306813053e-03
5.288542663662215704e-03
4.149467531113157359e-03
5.163188076394834014e-03
4.591723033728428716e-03
4.377741022959472095e-03
5.394221872288773589e-03
4.384742931875421079e-03
5.645436361761999033e-03
5.154856952582637097e-03
4.541971074082717941e-03
5.434855346386019415e-03
4.766700874580948044e-03
5.112685022231028276e-03
5.193839943927941460e-03
4.547290076663546010e-03
5.480854532436199578e-03
6.431557817585059622e-03
5.249306302715070482e-03
4.875622024605646976e-03
4.890061742200996209e-03
4.917256234870867604e-03
4.470845914529925080e-03
4.495388587077209230e-03
4.656551478052176063e-03
5.116557743732541574e-03
4.600646033696156878e-03
4.949668522433878226e-03
5.074430776497995677e-03
5.035849910201034563e-03
4.981035691080090699e-03
4.855992733880001855e-03
4.821426541258166942e-03
4.823726981728504448e-03
4.226190968048743057e-03
5.757879943038696213e-03
4.282105378435388521e-03
4.177914829434734023e-03
5.171827201557510634e-03
4.998112531825152360e-03
4.375165670753078384e-03
4.894426560087428157e-03
4.692720668374186777e-03
3.907518085494166016e-03
4.774980708289147668e-03
3.747717257760463383e-03
4.450429647198994587e-03
4.522299099203166972e-03
4.351513460632921992e-03
4.857200598826091897e-03
4.577905488948916246e-03
4.114468372626398085e-03
4.696977772484539626e-03
5.192082691809110639e-03
4.868288448796651013e-03
4.620039220430721683e-03
3.857950055546247037e-03
4.963339953322570830e-03
4.642418257354924416e-03
4.497571572919911720e-03
3.920012956622781486e-03
3.861747306533575008e-03
4.352718283440526470e-03
3.848756465640076896e-03
3.985015516155057669e-03
4.612624874284390608e-03
4.941199263013423826e-03
4.990758930231944945e-03
4.309164259889725068e-03
5.240110813664641820e-03
4.103966251065793713e-03
3.724569671052432862e-03
3.630081014404873407e-03
4.442525975463934573e-03
5.135667319657727381e-03
4.340234275447218959e-03
3.896077937890748966e-03
4.385152376084583414e-03
5.030870191208333675e-03
4.531580324994094466e-03
4.307878406129686533e-03
4.391044177508143798e-03
3.737833722869343678e-03
3.970931228245599964e-03
5.140048081298323468e-03
4.514852705764446639e-03
4.206262012285619245e-03
4.930204227706708187e-03
4.502444391456042472e-03
3.944903870505139798e-03
4.300607043679890995e-03
3.958956901682283980e-03
3.842499113886094220e-03
4.237611774098620776e-03
4.801168561137436619e-03
4.343390084162832010e-03
4.141895572318796126e-03
4.847664429960762966e-03
4.899446927476971969e-03
5.324385546636362099e-03
3.844235722858080351e-03
4.550831052981624270e-03
